checking_status,duration,credit_history,purpose,credit_amount,savings,employment_since,installment_rate,personal_status_sex,other_debtors_guarantors,residence_since,property,age,other_installment_plans,housing,existing_credits,job,num_liables,telephone,foreign_worker,class
2,48,1,7,6224,1,4,4,2,0,4,0,50,2,1,1,2,1,0,1,0
2,24,2,0,1246,1,1,4,2,0,2,3,23,1,2,1,1,1,0,1,0
0,12,2,0,1372,1,3,2,0,0,3,1,36,2,2,1,2,1,0,1,0
2,48,4,9,3844,2,3,4,2,0,4,0,34,2,1,1,1,2,0,1,0
1,60,1,4,15653,1,3,2,2,0,4,1,21,2,2,2,2,1,1,1,1
2,24,2,0,2718,1,2,3,1,0,4,2,20,2,0,1,1,1,1,1,0
0,48,2,5,3051,1,2,3,2,0,4,1,54,2,2,1,2,1,0,1,0
2,12,2,4,1534,1,1,1,3,0,1,3,23,2,0,1,2,1,0,1,0
0,6,2,7,448,1,1,4,1,0,4,2,23,2,2,1,2,1,0,1,0
1,18,2,3,2515,1,2,3,2,0,4,3,43,2,2,1,2,1,1,1,1
2,24,0,2,11938,1,2,2,2,1,3,1,39,2,2,2,3,2,1,1,0
2,24,1,4,6403,1,1,1,2,0,2,1,33,2,2,1,2,1,0,1,1
2,12,2,0,1223,1,4,1,0,0,1,3,46,2,0,2,2,1,0,1,0
1,21,1,9,2580,3,1,4,2,0,2,3,41,0,2,1,1,2,0,1,0
0,12,2,0,2579,1,1,4,2,0,1,3,33,2,2,1,1,2,0,1,0
1,36,1,4,4463,1,2,4,2,0,2,1,26,2,2,2,3,1,1,1,0
1,18,0,4,2238,1,2,2,1,0,1,1,25,2,2,2,2,1,0,1,1
0,24,2,4,1987,1,2,2,2,0,4,3,21,2,0,1,1,2,0,1,0
0,24,2,0,1285,0,3,4,1,0,4,0,32,2,0,1,2,1,0,1,0
1,18,0,3,1817,1,2,4,1,0,2,0,28,2,2,2,2,1,0,1,1
2,45,2,4,3031,2,2,4,2,2,4,2,21,2,0,1,2,1,0,1,0
1,24,0,1,6842,0,2,2,2,0,4,2,46,2,2,2,3,2,1,1,1
2,36,2,1,6948,1,2,2,2,0,2,1,35,2,0,1,3,1,1,1,1
0,18,3,3,1553,1,2,4,2,0,3,1,44,0,2,1,2,1,0,1,0
1,12,0,4,1934,1,4,2,2,0,2,0,26,2,2,2,2,1,0,1,1
1,24,3,9,1559,1,3,4,2,0,4,1,50,0,2,1,2,1,1,1,1
1,15,2,1,4657,1,2,3,2,0,2,1,30,2,2,1,2,1,1,1,1
2,36,2,4,2671,2,2,4,1,1,4,0,50,2,1,1,2,1,0,1,0
0,12,2,0,1274,1,1,3,1,0,1,3,37,2,2,1,1,1,0,1,0
2,24,2,0,1246,1,1,4,2,0,2,3,23,1,2,1,1,1,0,1,0
1,24,2,4,1413,1,2,4,3,0,2,2,28,2,2,1,2,1,0,1,1
1,12,0,0,682,2,3,4,1,0,3,1,51,2,2,2,2,1,1,1,1
0,42,2,4,7174,0,3,4,1,0,3,1,30,2,2,1,3,1,1,1,0
3,12,2,3,1424,0,4,3,1,0,4,3,55,2,2,1,3,1,1,1,1
0,21,2,4,3357,4,1,4,1,0,2,1,29,0,2,1,2,1,0,1,1
1,36,0,4,9566,1,2,2,1,0,2,1,31,1,2,2,2,1,0,1,1
0,60,2,9,7297,1,4,4,2,1,4,0,36,2,0,1,2,1,0,1,0
0,30,2,3,3108,1,1,2,0,0,4,2,31,2,2,1,1,1,0,1,0
1,36,2,3,3349,1,2,4,1,0,2,1,28,2,2,1,3,1,1,1,0
2,9,0,4,1154,1,4,2,2,0,4,3,37,2,2,3,1,1,0,1,1
0,24,2,3,1747,1,1,4,2,1,1,2,24,2,2,1,1,1,0,0,1
2,6,2,4,2063,1,1,4,3,0,3,1,30,2,0,1,3,1,1,1,1
1,48,0,1,2751,0,4,4,2,0,3,1,38,2,2,2,2,2,1,1,1
0,12,2,0,1274,1,1,3,1,0,1,3,37,2,2,1,1,1,0,1,0
1,21,0,3,2288,1,1,4,1,0,4,2,23,2,2,1,2,1,1,1,1
1,24,2,0,1393,1,2,2,2,2,2,3,31,2,2,1,2,1,1,1,1
1,18,2,3,1533,1,1,4,3,1,1,2,43,2,2,1,1,2,0,1,0
2,18,0,4,1245,1,2,4,3,0,2,1,33,2,2,1,2,1,0,1,0
3,36,2,4,5848,1,2,4,2,0,1,1,24,2,2,1,2,1,0,1,1
3,30,1,9,1908,1,4,4,2,0,4,3,66,2,2,1,3,1,1,1,0
0,18,2,4,2600,1,2,4,2,0,4,0,65,2,1,2,2,1,0,1,0
0,18,2,4,3190,1,2,2,1,0,2,3,24,2,2,1,2,1,0,1,0
1,24,2,1,2603,4,2,2,1,0,4,1,28,2,0,1,2,1,1,1,1
1,9,2,4,1478,1,3,4,2,0,2,1,22,2,2,1,2,1,0,1,0
0,36,0,3,2348,1,2,3,3,0,2,2,46,2,2,2,2,1,1,1,1
0,6,0,4,338,3,4,4,2,0,4,1,52,2,2,2,2,1,0,1,1
0,30,2,3,3108,1,1,2,0,0,4,2,31,2,2,1,1,1,0,1,0
2,6,2,6,454,1,1,3,3,0,1,2,22,2,2,1,1,1,0,1,1
3,12,2,4,3016,1,2,3,3,0,1,1,24,2,2,1,2,1,0,1,1
2,24,2,1,4113,3,1,3,1,0,4,1,28,2,0,1,2,1,0,1,0
1,24,2,4,999,0,4,4,2,0,2,1,25,2,2,2,2,1,0,1,1
0,10,2,4,2315,1,4,3,2,0,4,3,52,2,2,1,1,1,0,1,1
1,48,0,1,11590,2,2,2,1,0,4,1,24,0,0,2,1,1,0,1,0
1,24,0,0,2463,2,3,4,3,0,3,2,27,2,2,2,2,1,1,1,1
0,18,2,4,1882,1,2,4,1,0,4,1,25,0,0,2,2,1,0,1,0
0,18,2,4,3190,1,2,2,1,0,2,3,24,2,2,1,2,1,0,1,0
1,24,1,0,2538,1,4,4,2,0,4,1,47,2,2,2,1,2,0,1,0
0,12,2,1,3386,1,4,3,2,0,4,0,35,2,1,1,2,1,1,1,0
1,48,1,4,7238,0,4,3,2,0,3,1,32,0,2,2,2,2,0,1,1
0,9,2,0,1422,1,1,3,2,0,2,0,27,2,1,1,3,1,1,1,0
0,9,0,6,1288,2,4,3,2,2,4,3,48,2,2,2,2,2,0,0,1
2,15,2,4,1444,0,1,4,2,0,1,2,23,2,2,1,2,1,0,1,1
2,12,2,6,639,1,2,4,2,0,2,1,30,2,2,1,2,1,0,1,0
1,12,2,3,1123,3,2,4,1,0,4,1,29,2,0,1,1,1,0,1,0
1,18,0,4,6070,1,4,3,2,0,4,1,33,2,2,2,2,1,1,1,1
1,24,0,9,4526,1,2,3,2,0,2,3,74,2,2,1,3,1,1,1,1
2,39,0,4,4933,1,3,2,2,2,2,3,25,2,2,2,2,1,0,1,0
0,12,2,3,2577,1,2,2,0,0,1,1,42,2,2,1,2,1,0,1,1
0,18,2,3,4153,1,2,2,2,1,3,1,42,2,2,1,2,1,0,1,0
3,24,2,3,1925,1,2,2,2,0,2,3,26,2,2,1,2,1,0,1,1
0,18,2,4,1882,1,2,4,1,0,4,1,25,0,0,2,2,1,0,1,0
2,12,2,4,1092,1,2,4,1,2,4,3,49,2,2,2,2,1,1,1,1
0,6,0,4,1169,0,4,4,2,0,4,3,67,2,2,2,2,1,1,1,1
2,42,0,9,5954,1,3,2,1,0,1,3,41,0,2,2,1,1,0,1,1
1,39,2,1,2569,3,2,4,2,0,4,1,24,2,2,1,2,1,0,1,1
0,24,1,0,4870,1,2,3,2,0,4,0,53,2,1,2,2,2,0,1,0
0,30,2,6,11998,1,1,1,0,0,1,0,34,2,2,1,1,1,1,1,0
3,30,1,9,1908,1,4,4,2,0,4,3,66,2,2,1,3,1,1,1,0
2,21,2,9,1188,1,4,2,1,0,4,2,39,2,2,1,2,2,0,1,0
1,9,2,3,1313,1,4,1,2,0,4,1,20,2,2,1,2,1,0,1,1
0,18,0,4,1880,1,3,4,3,0,1,2,32,2,2,2,3,1,1,1,1
1,12,0,4,1655,1,4,2,2,0,4,3,63,2,2,2,1,1,1,1,1
2,9,3,1,5129,1,4,2,1,0,4,0,74,0,1,1,3,2,1,1,0
0,14,2,0,3973,1,0,1,2,0,4,0,22,2,1,1,2,1,0,1,1
0,12,4,0,1082,1,2,4,2,0,4,1,48,0,2,2,2,1,0,1,0
1,30,0,4,6742,0,3,2,2,0,3,2,36,2,2,2,2,1,0,1,1
2,9,2,3,959,1,2,1,1,0,2,1,29,2,2,1,2,1,0,0,0
2,12,2,4,1158,3,2,3,0,0,1,1,26,2,2,1,2,1,1,1,1
1,6,1,4,932,1,2,3,1,0,2,3,24,2,2,1,2,1,0,1,1
0,18,3,3,1553,1,2,4,2,0,3,1,44,0,2,1,2,1,0,1,0
0,36,2,3,5179,1,3,4,2,0,2,2,29,2,2,1,2,1,0,1,0
1,6,2,3,1543,4,2,4,0,0,2,3,33,2,2,1,2,1,0,1,1
0,48,3,9,7685,1,3,2,1,2,4,1,37,2,0,1,2,1,0,1,0
1,14,1,0,802,1,2,4,2,0,2,1,27,2,2,2,1,1,0,1,1
1,36,0,0,7855,1,2,4,1,0,2,3,25,1,2,2,2,1,1,1,0
1,12,2,7,719,1,4,4,2,0,4,1,41,0,2,1,1,2,0,1,0
1,30,3,1,7485,0,0,4,1,0,1,3,53,0,2,1,3,1,1,1,0
1,27,2,0,2570,1,2,3,1,0,3,3,21,2,0,1,2,1,0,1,0
1,36,0,1,11054,0,2,4,2,0,2,1,30,2,2,1,3,1,1,1,1
2,24,3,7,1837,1,3,4,1,0,4,0,34,0,1,1,1,1,0,1,0
0,24,2,0,1442,1,3,4,1,0,4,1,23,2,0,2,2,1,0,1,0
0,24,1,0,1333,1,0,4,2,0,2,3,43,2,1,2,2,2,0,1,0
1,24,1,9,8648,1,1,2,2,0,2,1,27,0,2,2,2,1,1,1,0
0,9,2,0,1422,1,1,3,2,0,2,0,27,2,1,1,3,1,1,1,0
1,15,2,4,1213,3,4,4,2,0,3,2,47,1,2,1,2,1,1,1,1
3,12,2,4,1297,1,2,3,3,0,4,3,23,2,0,1,2,1,0,1,1
1,36,1,1,8947,0,3,3,2,0,2,1,31,1,2,1,3,2,1,1,1
2,24,2,0,1246,1,1,4,2,0,2,3,23,1,2,1,1,1,0,1,0
1,24,2,4,5943,0,1,1,1,0,1,1,44,2,2,2,2,1,1,1,0
2,15,0,4,1537,0,4,4,2,2,4,3,50,2,2,2,2,1,1,1,1
1,36,2,3,10974,1,0,4,1,0,2,1,26,2,2,2,3,1,1,1,0
0,6,2,0,662,1,1,3,2,0,4,3,41,2,2,1,1,2,1,1,1
1,12,0,9,2292,1,0,4,2,0,2,1,42,1,2,2,3,1,1,1,0
3,21,2,0,2923,2,2,1,1,0,1,1,28,0,2,1,3,1,1,1,1
1,24,0,4,2424,0,4,4,2,0,4,2,53,2,2,2,2,1,0,1,1
2,6,3,7,433,4,1,4,1,0,2,2,24,0,0,1,2,2,0,1,0
1,18,1,9,2169,1,2,4,3,0,2,1,28,2,2,1,2,1,1,1,0
2,24,1,4,1553,2,3,3,1,0,2,2,23,2,0,2,2,1,1,1,1
2,24,2,2,11328,1,2,2,2,1,3,1,29,0,2,2,3,1,1,1,0
0,30,2,3,6350,0,4,4,2,0,4,2,31,2,2,1,2,1,0,1,0
3,15,0,4,1271,0,2,3,2,0,4,0,39,2,1,2,2,1,1,1,0
2,15,2,0,2631,2,2,2,1,0,4,1,28,2,0,2,2,1,1,1,0
0,12,0,1,1409,1,4,4,2,0,3,3,54,2,2,1,2,1,0,1,1
2,12,2,0,836,2,1,4,1,0,2,2,23,0,2,1,1,1,0,1,0
1,24,2,9,4591,4,2,2,2,0,3,2,54,2,2,3,3,1,1,1,0
0,12,2,4,1107,1,2,2,2,0,2,3,20,2,0,1,3,2,1,1,1
1,24,2,4,2284,1,3,4,2,0,2,1,28,2,2,1,2,1,1,1,1
2,18,0,3,6361,1,4,2,2,0,1,0,41,2,2,1,2,1,1,1,1
0,11,0,0,3905,1,2,2,2,0,2,3,36,2,0,2,2,2,0,1,1
3,24,2,3,3749,1,1,2,1,0,4,1,26,2,2,1,2,1,0,1,1
0,12,1,0,1344,1,2,4,2,0,2,3,43,2,2,2,1,2,0,1,1
1,12,2,4,886,0,2,4,1,0,2,1,21,2,2,1,2,1,0,1,1
0,24,2,0,1371,0,2,4,1,0,4,3,25,2,0,1,2,1,0,1,0
2,24,0,1,7758,4,4,2,1,0,4,0,29,2,0,1,2,1,0,1,1
0,36,2,3,5179,1,3,4,2,0,2,2,29,2,2,1,2,1,0,1,0
2,9,2,3,918,1,2,4,1,0,1,2,30,2,2,1,2,1,0,1,0
0,18,0,0,3966,1,4,1,1,0,4,3,33,0,0,3,2,1,1,1,0
3,15,2,7,392,1,1,4,1,0,4,2,23,2,0,1,2,1,1,1,1
1,24,2,9,4591,4,2,2,2,0,3,2,54,2,2,3,3,1,1,1,0
1,6,0,4,1382,1,2,1,1,0,1,1,28,2,2,2,2,1,1,1,1
2,60,2,7,6288,1,2,4,2,0,4,0,42,2,1,1,2,1,0,1,0
1,24,1,3,4151,2,2,2,2,0,3,2,35,2,2,2,2,1,0,1,1
0,48,4,1,4605,1,4,3,2,0,4,0,24,2,1,2,2,2,0,1,0
1,15,0,3,3343,1,2,4,2,0,2,0,28,2,1,1,2,1,1,1,1
0,24,3,3,6872,1,1,2,0,0,1,2,55,0,2,1,2,1,1,1,0
2,30,2,3,3832,1,1,2,3,0,1,2,22,2,2,1,2,1,0,1,1
2,24,2,0,1201,1,1,4,2,0,1,2,26,2,2,1,2,1,0,1,1
0,18,3,0,1442,1,3,4,2,0,4,0,32,2,1,2,1,2,0,1,0
2,18,1,6,6204,1,2,2,2,0,4,3,44,2,2,1,1,2,1,1,1
0,48,4,1,4605,1,4,3,2,0,4,0,24,2,1,2,2,2,0,1,0
2,24,2,0,1246,1,1,4,2,0,2,3,23,1,2,1,1,1,0,1,0
2,12,2,0,1295,1,1,3,1,0,1,1,25,2,0,1,2,1,0,1,0
0,24,2,0,3123,1,1,4,1,0,1,2,27,2,2,1,2,1,0,1,0
0,24,2,3,3234,1,1,4,1,0,4,3,23,2,0,1,1,1,1,1,0
2,9,0,7,1136,4,4,4,2,0,3,0,32,2,1,2,2,2,0,1,0
0,24,2,0,1381,0,2,4,1,0,2,2,35,2,2,1,2,1,0,1,0
1,4,2,3,601,1,1,1,1,0,3,3,23,2,0,1,1,2,0,1,1
0,12,4,4,6199,1,2,4,2,0,2,2,28,2,0,2,2,1,1,1,0
1,24,0,4,2684,1,2,4,2,0,2,3,35,2,2,2,1,1,0,1,1
2,12,0,5,1424,1,3,4,2,0,3,2,26,2,2,1,2,1,0,1,1
1,24,2,1,9277,0,2,2,0,0,4,0,48,2,1,1,2,1,1,1,1
2,24,0,9,2825,0,3,4,2,0,3,0,34,2,2,2,2,2,1,1,1
2,18,2,7,1239,0,2,4,2,0,4,0,61,2,1,1,2,1,0,1,1
0,12,2,0,1274,1,1,3,1,0,1,3,37,2,2,1,1,1,0,1,0
1,15,1,3,960,4,3,3,1,0,2,2,30,2,2,2,2,1,0,1,1
0,12,2,4,701,1,2,4,3,0,2,3,40,2,2,1,1,1,0,1,1
0,12,0,0,2121,1,2,4,2,0,2,2,30,2,2,2,2,1,0,1,1
2,60,1,4,7418,0,2,1,2,0,1,3,27,2,2,1,1,1,0,1,1
0,48,2,4,6999,1,3,1,3,2,1,3,34,2,2,2,2,1,1,1,0
2,27,2,9,3915,1,2,4,2,0,2,1,36,2,2,1,2,2,1,1,0
1,28,3,1,7824,0,1,3,2,2,4,3,40,0,0,2,2,2,1,1,1
0,9,2,0,654,1,2,4,2,0,3,1,28,2,2,1,1,1,0,1,0
1,10,0,3,2069,0,2,2,3,0,1,1,26,2,2,2,2,1,0,0,1
0,24,3,9,3161,1,2,4,2,0,2,2,31,2,0,1,2,1,1,1,0
0,16,0,0,2625,1,4,2,2,2,4,2,43,0,0,1,2,1,1,1,0
2,48,4,9,12204,0,2,2,2,0,2,1,48,0,2,1,3,1,1,1,1
2,20,1,2,2629,1,2,2,2,0,3,1,29,0,2,2,2,1,1,1,1
1,10,2,0,1597,3,2,3,2,0,2,0,40,2,0,1,1,2,0,0,1
0,36,2,1,8335,0,4,3,2,0,4,0,47,2,1,1,2,1,0,1,0
2,24,2,4,3092,2,1,3,3,0,2,1,22,2,0,1,2,1,1,1,0
2,12,2,4,766,3,2,4,2,0,3,3,66,2,2,1,1,1,0,1,0
0,12,2,8,902,1,3,4,3,0,4,2,21,2,0,1,2,1,0,1,0
2,9,0,7,1136,4,4,4,2,0,3,0,32,2,1,2,2,2,0,1,0
1,6,3,0,783,0,2,1,2,2,2,3,26,1,2,1,1,2,0,1,1
2,24,1,0,1965,0,2,4,1,0,4,1,42,2,0,2,2,1,1,1,1
1,15,0,4,1471,1,2,4,2,0,4,0,35,2,1,2,2,1,1,1,1
2,10,3,4,1048,1,2,4,2,0,4,3,23,1,2,1,1,1,0,1,1
1,6,4,0,1204,2,2,4,2,0,1,0,35,0,0,1,2,1,0,0,1
2,15,4,0,1778,1,1,2,1,0,1,3,26,2,0,2,0,1,0,1,0
2,24,2,0,3512,2,3,2,2,0,3,1,38,0,2,2,2,1,1,1,1
1,30,2,1,4811,0,3,2,1,0,4,2,24,1,0,1,1,1,0,1,1
2,18,0,0,1056,1,4,3,2,2,3,3,30,0,2,2,2,1,0,1,0
2,15,1,6,1512,4,2,3,3,0,3,2,61,1,2,2,2,1,0,1,0
2,24,0,3,4736,1,1,2,1,0,4,1,25,0,2,1,1,1,0,1,0
2,27,2,9,3915,1,2,4,2,0,2,1,36,2,2,1,2,2,1,1,0
2,24,2,0,2718,1,2,3,1,0,4,2,20,2,0,1,1,1,1,1,0
1,24,1,1,4679,1,3,3,2,0,3,1,35,2,2,2,1,1,1,1,1
0,30,2,3,2406,1,3,4,1,0,4,3,23,2,0,1,2,1,0,1,0
0,30,0,1,10623,1,4,3,2,0,4,0,38,2,1,3,3,2,1,1,1
1,18,0,0,1530,1,2,3,2,0,2,2,32,0,2,2,2,1,0,1,0
2,20,2,1,6468,0,0,1,0,0,4,3,60,2,2,1,3,1,1,1,1
1,36,2,4,2394,0,2,4,1,0,4,1,25,2,2,1,2,1,0,1,1
0,48,0,1,6143,1,4,4,1,0,4,0,58,1,1,2,1,1,0,1,0
0,24,2,0,4817,1,3,2,2,1,3,2,31,2,2,1,2,1,1,1,0
2,18,0,3,1928,1,1,2,2,0,2,3,31,2,2,2,1,1,0,1,0
3,12,2,3,1474,1,1,4,1,0,1,2,33,0,2,1,3,1,1,1,1
0,30,2,3,2406,1,3,4,1,0,4,3,23,2,0,1,2,1,0,1,0
1,15,0,1,3368,4,4,3,2,0,4,0,23,2,0,2,2,1,1,1,1
2,12,2,0,1295,1,1,3,1,0,1,1,25,2,0,1,2,1,0,1,0
1,48,2,9,4844,1,0,3,2,0,2,1,33,0,0,1,3,1,1,1,0
0,12,0,0,2171,1,2,4,2,0,4,2,38,0,2,2,1,1,0,0,1
0,36,2,3,5179,1,3,4,2,0,2,2,29,2,2,1,2,1,0,1,0
2,48,4,9,3844,2,3,4,2,0,4,0,34,2,1,1,1,2,0,1,0
1,12,0,3,1935,1,4,4,2,0,4,3,43,2,2,3,2,1,1,1,1
0,18,2,0,1216,1,1,4,1,0,3,1,23,2,0,1,2,1,1,1,0
1,12,0,6,996,0,3,4,1,0,4,3,23,2,2,2,2,1,0,1,1
0,36,1,7,6887,1,2,4,2,0,3,2,29,1,2,1,2,1,1,1,0
1,12,2,7,1393,1,4,4,2,0,4,2,47,0,2,3,2,2,1,1,1
2,15,2,0,2631,2,2,2,1,0,4,1,28,2,0,2,2,1,1,1,0
0,24,2,3,2359,2,0,1,0,0,1,2,33,2,2,1,2,1,0,1,0
1,9,0,3,2406,1,0,2,2,0,3,1,31,2,2,1,3,1,0,1,1
2,24,2,1,11560,1,2,1,1,0,4,1,23,2,0,2,3,1,0,1,0
1,6,2,3,2978,3,2,1,2,0,2,1,32,2,2,1,2,1,1,1,1
0,60,1,9,6836,1,4,3,2,0,4,0,63,2,2,2,2,1,1,1,0
0,6,0,0,860,1,4,1,1,0,4,0,39,2,2,2,2,1,1,1,1
0,12,2,4,2214,1,2,4,2,0,3,2,24,2,2,1,1,1,0,1,1
1,15,0,4,1360,1,2,4,2,0,2,2,31,2,2,2,2,1,0,1,1
0,12,2,4,727,2,1,4,3,0,3,0,33,2,2,1,1,1,1,1,0
0,39,0,3,14179,0,3,4,2,0,4,2,30,2,2,2,3,1,1,1,1
2,18,2,4,866,1,2,4,3,2,2,3,25,2,2,1,1,1,0,1,1
2,6,0,8,932,0,3,1,1,0,3,2,39,2,2,2,1,1,0,1,1
0,18,2,0,2249,2,3,4,2,0,3,1,30,2,2,1,3,2,1,1,1
0,20,0,0,2235,1,2,4,3,2,2,2,33,0,0,2,2,1,0,0,0
2,24,2,1,4113,3,1,3,1,0,4,1,28,2,0,1,2,1,0,1,0
1,18,2,4,4594,1,1,3,2,0,2,1,32,2,2,1,2,1,1,1,1
2,27,1,1,5965,1,4,1,2,0,2,1,30,2,2,2,3,1,1,1,1
1,12,0,3,3331,1,4,2,2,0,4,2,42,1,2,1,2,1,0,1,1
1,36,2,9,7409,0,4,3,2,0,2,2,37,2,2,2,2,1,0,1,1
2,8,2,4,1414,1,2,4,2,2,2,3,33,2,2,1,2,1,0,0,1
3,24,2,4,1377,2,4,4,1,0,2,0,47,2,1,1,2,1,1,1,1
3,42,4,9,6289,1,1,2,0,0,1,2,33,2,2,2,2,1,0,1,1
2,6,1,0,1209,1,0,4,2,0,4,2,47,2,2,1,3,1,1,1,0
1,18,2,0,6761,0,2,2,2,0,4,1,68,2,0,2,2,1,0,1,0
2,30,4,9,4280,2,2,4,1,0,4,1,26,2,0,2,1,1,0,1,0
3,36,2,4,3913,1,2,2,2,0,2,3,23,2,2,1,2,1,1,1,1
1,12,2,0,1884,1,4,4,2,0,4,1,39,2,2,1,3,1,1,1,1
2,36,2,7,12612,2,2,1,2,0,4,0,47,2,1,1,2,2,1,1,0
2,12,2,6,639,1,2,4,2,0,2,1,30,2,2,1,2,1,0,1,0
0,21,1,7,3414,1,1,2,2,0,1,2,26,2,2,2,2,1,0,1,0
1,12,2,9,1076,1,2,2,3,0,2,3,26,2,2,1,2,1,1,0,1
2,48,2,4,3060,1,3,4,2,0,4,3,28,2,2,2,2,1,0,1,0
1,4,0,0,1455,1,3,2,2,0,1,3,42,2,2,3,1,2,0,1,1
3,10,2,0,3949,1,1,1,2,2,1,2,37,2,2,1,1,2,0,1,1
1,24,2,1,7814,1,3,3,2,0,3,1,38,2,2,1,3,1,1,1,1
0,9,0,0,2799,1,2,2,2,0,2,3,36,2,0,2,2,2,0,1,1
2,18,0,0,884,1,4,4,2,0,4,1,36,0,2,1,2,2,1,1,0
0,12,2,0,2579,1,1,4,2,0,1,3,33,2,2,1,1,2,0,1,0
2,9,2,0,3195,0,2,1,1,0,2,3,33,2,2,1,1,1,0,1,1
1,36,1,9,9572,1,1,1,0,0,1,1,28,2,2,2,2,1,0,1,0
1,36,2,7,9055,0,2,2,2,0,4,0,35,2,1,1,1,2,1,1,1
0,18,0,3,1049,1,1,4,1,0,4,2,21,2,0,1,2,1,0,1,1
1,24,0,0,1287,4,4,4,1,0,4,3,37,2,2,2,2,1,1,1,1
0,28,2,0,4006,1,2,3,2,0,2,1,45,2,2,1,1,1,0,1,0
1,18,2,0,2662,0,3,4,2,0,3,2,32,2,2,1,2,1,0,0,1
0,27,4,9,5293,1,0,2,2,0,4,2,50,1,2,2,2,1,1,1,0
1,6,2,0,3518,1,2,2,2,2,3,2,26,2,0,1,2,1,0,1,1
1,6,2,4,2108,1,3,2,3,0,2,3,29,2,0,1,2,1,0,1,1
0,48,2,9,4308,1,1,3,1,0,4,2,24,2,0,1,2,1,0,1,0
2,10,2,3,1521,1,2,4,0,0,2,1,31,2,2,1,1,1,0,1,1
2,24,2,0,1246,1,1,4,2,0,2,3,23,1,2,1,1,1,0,1,0
0,24,2,3,2996,0,2,2,3,0,4,1,20,2,2,1,2,1,0,1,0
2,9,2,4,1670,1,1,4,1,0,2,1,22,2,2,1,2,1,1,1,0
0,18,2,4,3509,1,3,4,1,2,1,3,25,2,2,1,2,1,0,1,1
1,20,0,0,3485,0,1,2,0,0,4,3,44,2,2,2,2,1,1,1,1
1,30,2,4,1867,0,4,4,2,0,4,1,58,2,2,1,2,1,1,1,1
1,10,2,0,1309,0,2,4,2,2,4,2,27,2,2,1,1,1,0,1,0
0,18,0,0,5302,1,4,2,2,0,4,0,36,2,1,3,3,1,1,1,1
1,6,2,1,1236,3,2,2,2,0,4,2,50,2,0,1,2,1,0,1,1
1,22,2,0,1283,0,3,4,1,0,4,2,25,2,0,1,2,1,0,1,1
3,18,2,3,2864,1,2,2,2,0,1,3,34,2,2,1,1,2,0,1,0
1,18,0,0,2775,1,3,2,2,0,2,2,31,0,2,2,2,1,0,1,0
2,6,3,0,931,2,1,1,1,0,1,2,32,1,2,1,1,1,0,1,0
0,24,3,9,3161,1,2,4,2,0,2,2,31,2,0,1,2,1,1,1,0
1,12,0,0,926,1,0,1,1,0,2,2,38,2,2,1,0,1,0,1,1
1,24,2,0,7393,1,2,1,2,0,4,2,43,2,2,1,1,2,0,1,1
1,21,1,1,2993,1,2,3,2,0,2,3,28,1,2,2,1,1,0,1,1
2,18,2,0,1042,0,2,4,1,0,2,2,33,2,2,1,2,1,0,1,0
1,9,0,4,3074,0,2,1,2,0,2,3,33,2,2,2,2,2,0,1,1
0,12,2,3,2578,1,0,3,1,0,4,0,55,2,1,1,3,1,0,1,1
0,24,0,1,6419,1,4,2,1,0,4,0,44,2,1,2,3,2,1,1,1
2,27,2,9,3915,1,2,4,2,0,2,1,36,2,2,1,2,2,1,1,0
1,24,2,1,5433,0,0,2,1,0,4,2,26,2,0,1,3,1,1,1,1
2,7,2,4,2329,1,1,1,1,2,1,3,45,2,2,1,2,1,0,1,1
1,36,0,9,6304,0,4,4,2,0,4,3,36,2,2,2,2,1,0,1,1
0,24,2,0,1371,0,2,4,1,0,4,3,25,2,0,1,2,1,0,1,0
2,9,0,7,1136,4,4,4,2,0,3,0,32,2,1,2,2,2,0,1,0
2,36,1,0,2862,2,4,4,2,0,3,0,30,2,1,1,2,1,0,1,1
0,6,2,7,448,1,1,4,1,0,4,2,23,2,2,1,2,1,0,1,0
1,18,0,7,1864,2,2,4,1,0,2,3,30,2,2,2,2,1,0,1,0
2,9,2,4,1670,1,1,4,1,0,2,1,22,2,2,1,2,1,1,1,0
0,24,3,0,1193,1,0,1,1,1,4,0,29,2,0,2,0,1,0,1,0
2,9,0,7,1501,1,4,2,1,0,3,1,34,2,2,2,3,1,1,1,0
0,12,2,0,1372,1,3,2,0,0,3,1,36,2,2,1,2,1,0,1,0
0,30,2,3,6350,0,4,4,2,0,4,2,31,2,2,1,2,1,0,1,0
1,13,2,4,1409,2,0,2,1,0,4,3,64,2,2,1,2,1,0,1,1
2,12,2,0,2002,1,3,3,2,0,4,2,30,2,0,1,2,2,1,1,1
0,12,2,4,1498,1,2,4,1,0,1,1,23,0,2,1,2,1,0,1,1
2,18,0,3,7374,1,0,4,2,0,4,2,40,1,2,2,3,1,1,1,1
3,12,3,9,609,1,1,4,1,0,1,3,26,2,2,1,0,1,0,1,0
1,24,0,4,1516,4,2,4,1,0,1,3,43,2,2,2,1,1,0,1,1
1,18,0,4,1149,4,2,4,2,0,3,3,46,2,2,2,2,1,0,1,1
1,18,0,0,1028,1,2,4,1,0,3,3,36,2,2,2,2,1,0,1,1
1,15,0,0,5045,0,4,1,1,0,4,1,59,2,2,1,2,1,1,1,1
0,24,3,3,3349,3,1,4,2,0,4,0,30,2,1,1,2,2,1,1,0
2,24,2,0,1246,1,1,4,2,0,2,3,23,1,2,1,1,1,0,1,0
0,36,2,3,3446,1,4,4,2,0,2,1,42,2,2,1,2,2,0,1,0
0,24,2,1,2812,0,4,2,1,0,4,3,26,2,0,1,2,1,0,1,1
2,48,3,0,12169,0,0,4,2,1,4,0,36,2,1,1,3,1,1,1,1
3,15,2,4,2327,1,1,2,1,0,3,3,25,2,2,1,1,1,0,1,0
3,10,2,3,1275,1,1,4,1,0,2,2,23,2,2,1,2,1,0,1,1
2,24,2,4,3092,2,1,3,3,0,2,1,22,2,0,1,2,1,1,1,0
1,15,2,5,1262,3,3,4,2,0,3,2,36,2,2,2,2,1,1,1,1
2,24,2,0,1246,1,1,4,2,0,2,3,23,1,2,1,1,1,0,1,0
2,6,2,0,14555,0,0,1,2,0,2,2,23,2,2,1,0,1,1,1,0
0,24,2,3,3021,1,2,2,0,0,2,3,24,2,0,1,1,1,0,1,1
2,20,4,1,6148,2,4,3,3,0,4,1,31,0,2,2,2,1,1,1,1
2,48,2,9,15672,1,2,2,2,0,2,1,23,2,2,1,2,1,1,1,0
0,12,2,4,674,2,3,4,3,0,1,2,20,2,2,1,2,1,0,1,0
2,9,3,0,1437,2,3,2,2,0,3,0,29,2,2,1,2,1,0,1,0
2,18,0,4,1245,1,2,4,3,0,2,1,33,2,2,1,2,1,0,1,0
3,6,0,0,1343,1,4,1,2,0,4,3,46,2,2,2,2,2,0,0,1
0,18,2,4,2389,1,1,4,1,0,1,1,27,1,2,1,2,1,0,1,1
1,12,0,7,701,1,2,4,2,0,2,1,32,2,2,2,2,1,0,1,1
0,12,2,4,1680,3,4,3,3,0,1,3,35,2,2,1,2,1,0,1,1
2,12,2,0,1007,4,2,4,3,0,1,3,22,2,2,1,2,1,0,1,1
1,12,2,4,707,1,2,4,2,0,2,3,30,0,2,2,2,1,0,1,1
1,9,2,3,1980,1,1,2,1,1,2,1,19,2,0,2,2,1,0,1,0
0,18,2,0,1216,1,1,4,1,0,3,1,23,2,0,1,2,1,1,1,0
1,27,0,3,4526,4,1,4,2,0,2,3,32,1,2,2,1,2,1,1,1
2,48,2,4,3060,1,3,4,2,0,4,3,28,2,2,2,2,1,0,1,0
0,15,2,9,806,1,2,4,1,0,4,2,22,2,2,1,1,1,0,1,1
1,24,2,0,1525,4,3,4,1,0,3,1,34,2,2,1,2,2,1,1,1
0,12,4,6,1108,1,3,4,2,0,3,3,28,2,2,2,2,1,0,1,0
1,15,2,0,3556,0,2,3,2,0,2,0,29,2,2,1,2,1,0,1,1
0,9,0,4,1138,1,2,4,2,0,4,3,25,2,2,2,1,1,0,1,1
1,12,0,7,3565,0,1,2,2,0,1,2,37,2,2,2,1,2,0,1,1
2,30,3,3,3496,4,2,4,2,0,2,1,34,1,2,1,2,2,1,1,1
3,9,2,4,1126,2,4,2,0,0,4,3,49,2,2,1,2,1,0,1,1
2,48,4,0,8358,3,1,1,1,0,1,1,30,2,2,2,2,1,0,1,1
1,36,0,1,5711,4,4,4,2,0,2,1,38,2,2,2,3,1,1,1,1
3,10,0,4,1347,0,3,4,2,0,2,2,27,2,2,2,2,1,1,1,1
2,36,4,4,3804,1,2,4,1,0,1,1,42,2,2,1,2,1,1,1,0
1,12,0,9,1264,0,4,4,2,0,4,0,57,2,0,1,1,1,0,1,1
1,6,0,0,2080,3,2,1,3,0,2,1,24,2,2,1,2,1,0,1,1
0,24,0,1,2957,1,4,4,2,0,4,2,63,2,2,2,2,1,1,1,1
2,18,2,9,4439,1,4,1,2,1,1,3,33,0,2,1,3,1,1,1,1
0,24,2,4,1987,1,2,2,2,0,4,3,21,2,0,1,1,2,0,1,0
1,12,0,4,930,0,4,4,2,0,4,3,65,2,2,4,2,1,0,1,1
0,36,2,0,3249,1,3,2,2,0,4,0,39,0,1,1,3,2,1,1,1
0,24,2,3,3345,1,4,4,2,0,2,2,39,2,0,1,3,1,1,1,0
2,18,2,4,1301,1,4,4,3,2,2,3,32,2,2,1,1,1,0,1,1
0,6,2,7,448,1,1,4,1,0,4,2,23,2,2,1,2,1,0,1,0
2,14,2,9,1410,3,4,1,3,0,2,3,35,2,2,1,2,1,1,1,1
2,12,2,3,3017,1,1,3,1,0,1,3,34,2,0,1,3,1,0,1,1
0,18,2,3,2659,4,2,4,2,0,2,1,28,2,2,1,2,1,0,1,1
1,36,2,3,10974,1,0,4,1,0,2,1,26,2,2,2,3,1,1,1,0
2,6,2,4,368,0,4,4,2,0,4,2,38,2,2,1,2,1,0,1,1
0,24,2,3,7721,0,1,1,1,0,2,2,30,2,2,1,2,1,1,0,1
0,18,0,0,3966,1,4,1,1,0,4,3,33,0,0,3,2,1,1,1,0
2,12,2,4,766,3,2,4,2,0,3,3,66,2,2,1,1,1,0,1,0
0,24,2,3,4020,1,2,2,2,0,2,1,27,1,2,1,2,1,0,1,1
1,36,0,1,5842,1,4,2,2,0,2,2,35,2,2,2,2,2,1,1,1
2,30,1,4,1919,2,1,4,2,0,3,0,30,1,2,2,3,1,0,1,0
1,11,0,0,1393,1,1,4,1,0,4,1,35,2,2,2,3,1,0,1,1
1,10,2,1,2901,0,1,1,1,0,4,3,31,2,0,1,2,1,0,1,1
1,30,3,1,7485,0,0,4,1,0,1,3,53,0,2,1,3,1,1,1,0
0,36,2,3,3446,1,4,4,2,0,2,1,42,2,2,1,2,2,0,1,0
0,12,0,1,1526,1,4,4,2,0,4,0,66,2,1,2,3,1,0,1,1
2,48,0,3,5096,1,2,2,1,0,3,1,30,2,2,1,3,1,1,1,0
1,21,4,0,5003,0,2,1,1,0,4,2,29,0,2,2,2,1,1,1,0
1,24,0,4,2611,1,4,4,3,1,3,3,46,2,2,2,2,1,0,1,1
2,18,2,9,2622,2,2,4,2,0,4,1,34,2,2,1,2,1,0,1,1
1,48,2,9,3914,0,2,4,0,0,2,3,38,0,2,1,2,1,0,1,0
1,10,0,0,1231,1,4,3,2,0,4,3,32,2,2,2,1,2,0,0,1
0,24,2,0,2303,1,4,4,2,1,1,3,45,2,2,1,2,1,0,1,0
1,21,2,1,5248,0,2,1,2,0,3,1,26,2,2,1,2,1,0,1,1
1,9,2,4,2753,2,4,3,2,1,4,1,35,2,2,1,2,1,1,1,1
0,12,3,8,339,1,4,4,3,0,1,1,45,0,2,1,1,1,0,1,1
1,24,2,9,4591,4,2,2,2,0,3,2,54,2,2,3,3,1,1,1,0
0,18,2,1,7511,0,4,1,2,0,4,2,51,2,1,1,2,2,1,1,0
2,12,2,3,983,4,1,1,1,0,4,3,19,2,0,1,1,1,0,1,1
1,6,2,3,1766,1,2,1,3,0,2,2,21,2,0,1,2,1,0,1,1
0,36,0,1,9629,1,3,4,2,0,4,1,24,2,2,2,2,1,1,1,0
0,48,2,0,3931,1,3,4,2,0,4,0,46,2,1,1,2,2,0,1,0
0,40,0,7,5998,1,2,4,2,0,3,0,27,0,2,1,2,1,1,1,0
0,24,2,0,2303,1,4,4,2,1,1,3,45,2,2,1,2,1,0,1,0
0,15,2,5,1275,0,2,4,1,0,2,1,24,2,0,1,2,1,0,1,0
1,12,2,0,640,1,2,4,0,0,2,3,49,2,2,1,1,1,0,1,1
1,24,0,1,3868,1,4,4,1,0,2,1,41,2,0,2,3,1,1,1,1
2,48,0,3,5096,1,2,2,1,0,3,1,30,2,2,1,3,1,1,1,0
2,24,2,0,1355,1,1,3,1,0,4,1,25,2,2,1,1,1,1,1,0
0,24,2,4,1823,1,0,4,2,0,2,1,30,1,2,1,3,2,0,1,0
2,36,2,4,2671,2,2,4,1,1,4,0,50,2,1,1,2,1,0,1,0
0,6,2,5,343,1,1,4,1,0,1,3,27,2,2,1,2,1,0,1,1
0,12,2,0,759,1,3,4,2,0,2,3,26,2,2,1,2,1,0,1,0
1,10,2,3,2210,1,2,2,2,0,2,3,25,0,0,1,1,1,0,1,0
0,18,0,0,3966,1,4,1,1,0,4,3,33,0,0,3,2,1,1,1,0
0,24,3,9,3161,1,2,4,2,0,2,2,31,2,0,1,2,1,1,1,0
0,24,3,4,1546,1,3,4,2,2,4,1,24,0,0,1,1,1,0,1,0
2,24,0,0,3878,2,1,4,0,0,2,1,37,2,2,1,2,1,1,1,1
1,18,0,4,1169,0,2,4,2,0,3,2,29,2,2,2,2,1,1,1,1
0,24,1,0,4870,1,2,3,2,0,4,0,53,2,1,2,2,2,0,1,0
1,12,2,0,2133,0,4,4,1,0,4,0,52,2,1,1,3,1,1,1,1
1,27,2,0,2570,1,2,3,1,0,3,3,21,2,0,1,2,1,0,1,0
1,12,0,3,1258,1,1,2,1,0,4,2,22,2,0,2,1,1,0,1,1
2,8,2,4,760,1,3,4,1,2,2,3,44,2,2,1,1,1,0,1,1
1,18,1,4,2320,1,0,2,3,0,3,3,34,2,2,2,2,1,0,1,1
1,36,2,1,4686,1,2,2,2,0,2,0,32,2,1,1,3,1,1,1,1
1,24,2,4,3621,2,4,2,2,0,4,1,31,2,2,2,2,1,0,1,0
2,10,2,0,7308,1,0,2,2,0,4,0,70,0,1,1,3,1,1,1,1
0,20,2,3,2212,0,3,4,2,0,4,1,39,2,2,1,2,1,1,1,1
1,42,0,3,4042,3,2,4,2,0,4,3,36,2,2,2,2,1,1,1,1
2,48,2,4,3979,0,3,4,2,0,1,1,41,2,2,2,2,2,1,1,1
2,18,4,3,3244,1,2,1,1,0,4,1,33,0,2,2,2,1,1,1,1
2,36,1,9,9857,2,3,1,2,0,3,2,31,2,2,2,1,2,1,1,1
1,9,2,4,2697,1,2,1,2,0,2,3,32,2,2,1,2,2,0,1,1
3,6,2,0,709,4,1,2,3,0,2,3,27,2,2,1,0,1,0,0,1
1,11,2,9,2142,4,4,1,0,0,2,3,28,2,2,1,2,1,1,1,1
2,30,2,3,3441,2,2,2,1,1,4,1,21,2,0,1,2,1,0,1,0
2,9,0,7,1136,4,4,4,2,0,3,0,32,2,1,2,2,2,0,1,0
2,18,2,0,5866,2,2,2,2,0,2,1,30,2,2,2,2,1,1,1,1
2,18,4,0,2278,2,1,3,1,0,3,1,28,2,2,2,2,1,0,1,0
0,30,2,6,11998,1,1,1,0,0,1,0,34,2,2,1,1,1,1,1,0
2,24,2,0,2718,1,2,3,1,0,4,2,20,2,0,1,1,1,1,1,0
1,21,1,9,2580,3,1,4,2,0,2,3,41,0,2,1,1,2,0,1,0
1,36,2,3,10974,1,0,4,1,0,2,1,26,2,2,2,3,1,1,1,0
2,27,4,9,8318,1,4,2,1,0,4,0,42,2,1,2,3,1,1,1,0
0,6,0,4,1957,1,3,1,1,0,4,1,31,2,2,1,2,1,0,1,1
0,24,2,0,1381,0,2,4,1,0,2,2,35,2,2,1,2,1,0,1,0
0,18,2,0,976,1,1,1,1,0,2,1,23,2,2,1,1,1,0,1,0
0,15,4,0,950,1,4,4,2,0,3,1,33,2,0,2,2,2,0,1,0
2,24,2,0,1355,1,1,3,1,0,4,1,25,2,2,1,1,1,1,1,0
1,12,2,9,1542,1,3,2,2,0,4,1,36,2,2,1,2,1,1,1,1
1,24,0,1,2197,0,3,4,2,0,4,1,43,2,2,2,2,2,1,1,1
1,36,0,0,6614,1,4,4,2,0,4,1,34,2,2,2,3,1,1,1,1
0,24,3,3,3349,3,1,4,2,0,4,0,30,2,1,1,2,2,1,1,0
0,21,3,0,1647,0,2,4,2,0,2,2,40,2,2,2,1,2,0,1,0
0,24,1,0,4870,1,2,3,2,0,4,0,53,2,1,2,2,2,0,1,0
1,15,2,1,3029,1,3,2,2,0,2,1,33,2,2,1,2,1,0,1,1
1,24,0,4,1851,1,3,4,3,2,2,1,33,2,2,2,2,1,1,1,1
1,6,2,7,1538,1,1,1,1,0,2,0,56,2,2,1,2,1,0,1,1
1,27,1,1,8613,4,2,2,2,0,2,1,27,2,2,2,2,1,0,1,1
0,36,1,7,6887,1,2,4,2,0,3,2,29,1,2,1,2,1,1,1,0
0,6,2,0,14896,1,4,1,2,0,4,0,68,0,2,1,3,1,1,1,0
2,48,2,2,5381,0,0,3,2,0,4,0,40,0,1,1,0,1,1,1,1
2,18,0,3,1295,1,1,4,1,0,1,2,27,2,2,2,2,1,0,1,1
1,36,0,0,3535,1,3,4,2,0,4,1,37,2,2,2,2,1,1,1,1
2,12,2,4,1155,1,4,3,3,2,3,3,40,0,2,2,1,1,0,1,1
0,18,2,4,2600,1,2,4,2,0,4,0,65,2,1,2,2,1,0,1,0
1,6,1,9,1743,2,2,1,2,0,2,3,34,2,2,2,1,1,0,1,1
1,15,2,3,2221,3,2,2,1,0,4,1,20,2,0,1,2,1,0,1,1
3,18,2,0,1961,1,4,3,1,0,2,1,23,2,2,1,3,1,0,1,1
2,6,3,7,433,4,1,4,1,0,2,2,24,0,0,1,2,2,0,1,0
3,24,0,3,3617,0,4,4,2,1,4,0,20,2,0,2,2,1,0,1,1
2,24,0,7,5743,1,1,2,1,0,4,0,24,2,1,2,2,1,1,1,1
1,18,0,0,1530,1,2,3,2,0,2,2,32,0,2,2,2,1,0,1,0
2,36,2,6,2384,1,1,4,2,0,1,0,33,2,0,1,1,1,0,1,0
0,24,4,3,4110,1,4,3,2,0,4,0,23,0,0,2,2,2,0,1,0
1,18,2,6,1943,1,1,4,1,0,4,3,23,2,2,1,2,1,0,1,0
0,12,2,0,1228,1,2,4,1,0,2,3,24,2,2,1,1,1,0,1,0
1,9,2,4,1478,1,3,4,2,0,2,1,22,2,2,1,2,1,0,1,0
2,12,2,0,1318,4,4,4,2,0,4,3,54,2,2,1,2,1,1,1,1
1,12,4,3,2759,1,4,2,2,0,4,2,34,2,2,2,2,1,0,1,1
0,12,2,3,708,1,2,2,2,2,3,2,38,2,2,1,1,2,0,1,1
0,24,2,3,2996,0,2,2,3,0,4,1,20,2,2,1,2,1,0,1,0
1,18,0,3,3780,1,1,3,0,0,2,1,35,2,2,2,3,1,1,1,1
1,9,2,5,1236,1,1,1,1,0,4,3,23,2,0,1,2,1,1,1,1
1,9,0,0,2134,1,2,4,2,0,4,1,48,2,2,3,2,1,1,1,1
2,48,1,9,6681,0,2,4,2,0,4,0,38,2,1,1,2,2,1,1,1
2,12,0,4,3573,1,2,1,1,0,1,3,23,2,2,1,1,1,0,1,1
0,18,0,0,3966,1,4,1,1,0,4,3,33,0,0,3,2,1,1,1,0
3,9,4,4,1337,1,1,4,2,0,2,1,34,2,2,2,3,1,1,1,0
1,21,0,0,12680,0,4,4,2,0,4,0,30,2,1,1,3,1,1,1,0
1,24,0,3,5150,1,4,4,2,0,4,1,33,2,2,1,2,1,1,1,1
1,12,0,3,1592,4,3,3,1,0,2,2,35,2,2,1,2,1,0,0,1
0,24,3,0,2325,2,3,2,2,0,3,1,32,0,2,1,2,1,0,1,1
1,12,2,1,1413,4,3,3,2,0,2,2,55,2,2,1,2,1,0,0,1
1,12,0,4,618,1,4,4,2,0,4,3,56,2,2,1,2,1,0,1,1
0,40,0,7,5998,1,2,4,2,0,3,0,27,0,2,1,2,1,1,1,0
1,18,2,3,1533,1,1,4,3,1,1,2,43,2,2,1,1,2,0,1,0
2,18,0,3,1928,1,1,2,2,0,2,3,31,2,2,2,1,1,0,1,0
0,18,3,4,1940,1,1,3,2,1,4,0,36,0,1,1,3,1,1,1,1
0,36,2,1,5493,1,4,2,2,0,4,0,42,2,1,1,2,2,0,1,1
0,20,0,0,2235,1,2,4,3,2,2,2,33,0,0,2,2,1,0,0,0
0,12,2,0,1274,1,1,3,1,0,1,3,37,2,2,1,1,1,0,1,0
1,24,2,4,3621,2,4,2,2,0,4,1,31,2,2,2,2,1,0,1,0
1,18,1,3,1808,1,3,4,1,0,1,3,22,2,2,1,2,1,0,1,0
1,24,0,7,1927,0,2,3,1,0,2,1,33,2,2,2,2,1,1,1,1
3,10,2,0,1240,2,4,1,1,0,4,0,48,2,1,1,1,2,0,1,0
2,24,4,9,4241,1,2,1,2,0,4,3,36,2,2,3,1,1,1,1,0
0,18,2,3,3650,1,1,1,1,0,4,1,22,2,0,1,2,1,0,1,1
2,12,2,4,6468,0,0,2,2,0,1,0,52,2,2,1,3,1,1,1,0
2,12,2,4,2930,1,3,2,1,0,1,3,27,2,2,1,2,1,0,1,1
2,6,2,4,484,1,3,3,3,2,3,3,28,0,2,1,1,1,0,1,1
3,12,3,4,409,4,2,3,1,0,3,3,42,2,0,2,2,1,0,1,1
0,9,2,0,1422,1,1,3,2,0,2,0,27,2,1,1,3,1,1,1,0
1,12,2,1,2445,0,1,2,3,0,4,1,26,2,0,1,2,1,1,1,1
3,30,0,4,3017,1,4,4,2,0,4,2,47,2,2,1,2,1,0,1,1
2,18,1,3,4297,1,4,4,0,0,3,0,40,2,2,1,3,1,1,1,0
1,9,2,3,2301,2,1,2,1,0,4,2,22,2,0,1,2,1,0,1,1
1,18,0,1,3229,0,0,2,2,0,4,0,38,2,2,1,3,1,1,1,1
2,36,4,4,3804,1,2,4,1,0,1,1,42,2,2,1,2,1,1,1,0
2,48,0,3,5096,1,2,2,1,0,3,1,30,2,2,1,3,1,1,1,0
1,36,0,4,3342,0,4,4,2,0,2,1,51,2,2,1,2,1,1,1,1
1,24,2,3,5511,2,2,4,2,0,1,1,25,1,2,1,2,1,0,1,1
0,15,2,0,3959,1,2,3,1,0,2,2,29,2,2,1,2,1,1,1,0
2,45,2,4,3031,2,2,4,2,2,4,2,21,2,0,1,2,1,0,1,0
0,12,2,3,3590,1,2,2,2,1,2,2,29,2,2,1,1,2,0,1,1
0,18,2,5,1217,1,2,4,3,0,3,3,47,2,2,1,1,1,1,1,0
2,36,0,1,5800,1,2,3,2,0,4,1,34,2,2,2,2,1,1,1,1
0,24,3,9,3161,1,2,4,2,0,2,2,31,2,0,1,2,1,1,1,0
0,21,0,0,571,1,4,4,2,0,4,3,65,2,2,2,2,1,0,1,1
2,12,2,4,766,3,2,4,2,0,3,3,66,2,2,1,1,1,0,1,0
0,42,0,6,3394,1,0,4,2,1,4,1,65,2,2,2,0,1,0,1,1
0,18,2,4,3190,1,2,2,1,0,2,3,24,2,2,1,2,1,0,1,0
3,12,2,4,1881,1,2,2,1,0,2,1,44,2,0,1,1,1,1,1,1
1,18,0,1,3850,1,3,3,2,0,1,1,27,2,2,2,2,1,0,1,1
1,12,2,0,2390,0,4,4,2,0,3,1,50,2,2,1,2,1,1,1,1
2,12,2,3,2762,0,4,1,1,0,2,2,25,0,2,1,2,1,1,1,0
1,24,2,3,929,0,3,4,2,0,2,1,31,1,2,1,2,1,1,1,1
2,12,2,4,1567,1,2,1,1,0,1,1,22,2,2,1,2,1,1,1,1
2,24,1,9,6967,2,3,4,2,0,4,1,36,2,0,1,3,1,1,1,1
1,12,0,4,2331,0,4,1,2,1,4,3,49,2,2,1,2,1,1,1,1
2,27,2,9,2528,1,1,4,1,0,1,2,32,2,2,1,2,2,1,1,1
2,24,2,4,5084,0,4,2,1,0,4,1,42,2,2,1,2,1,1,1,1
0,48,2,4,6758,1,2,3,1,0,2,1,31,2,2,1,2,1,1,1,0
2,18,0,4,1245,1,2,4,3,0,2,1,33,2,2,1,2,1,0,1,0
1,9,2,4,1478,1,3,4,2,0,2,1,22,2,2,1,2,1,0,1,0
2,18,0,0,884,1,4,4,2,0,4,1,36,0,2,1,2,2,1,1,0
1,15,2,3,2186,0,3,1,1,0,4,3,33,0,0,1,1,1,0,1,1
1,48,0,1,8858,0,3,2,2,0,1,0,35,2,1,2,2,1,1,1,1
1,6,0,3,1221,0,2,1,3,0,2,2,27,2,2,2,2,1,0,1,1
2,9,2,3,959,1,2,1,1,0,2,1,29,2,2,1,2,1,0,0,0
1,12,0,9,1185,1,2,3,1,0,2,3,27,2,2,2,2,1,0,1,1
0,18,2,1,7511,0,4,1,2,0,4,2,51,2,1,1,2,2,1,1,0
2,18,0,3,1928,1,1,2,2,0,2,3,31,2,2,2,1,1,0,1,0
0,48,2,7,7476,1,3,4,2,0,1,0,50,2,1,1,3,1,1,1,1
0,8,0,0,3398,1,3,1,2,0,4,3,39,2,2,2,1,1,0,0,1
3,30,0,4,3656,0,4,4,2,0,4,2,49,1,2,2,1,1,0,1,1
2,11,1,4,4771,1,3,2,2,0,4,2,51,2,2,1,2,1,0,1,1
1,15,1,1,3594,1,1,1,1,0,2,2,46,2,2,2,1,1,0,1,1
0,60,1,9,6836,1,4,3,2,0,4,0,63,2,2,2,2,1,1,1,0
0,30,2,3,2406,1,3,4,1,0,4,3,23,2,0,1,2,1,0,1,0
1,12,0,9,2292,1,0,4,2,0,2,1,42,1,2,2,3,1,1,1,0
1,24,2,0,1469,2,4,4,3,0,4,3,41,2,0,1,1,1,0,1,1
1,7,0,4,730,0,4,4,2,0,2,2,46,2,0,2,1,1,1,1,1
0,12,2,1,3386,1,4,3,2,0,4,0,35,2,1,1,2,1,1,1,0
0,30,2,3,3622,4,4,4,1,0,4,2,57,2,0,2,2,1,1,1,1
1,36,2,0,909,3,4,4,2,0,4,2,36,2,2,1,2,1,0,1,1
0,36,2,7,1977,0,4,4,2,0,4,0,40,2,2,1,3,1,1,1,0
1,6,4,4,426,1,4,4,3,0,4,1,39,2,2,1,1,1,0,1,1
1,24,0,3,1585,1,3,4,2,0,3,2,40,2,2,2,2,1,0,1,1
1,9,2,3,1980,1,1,2,1,1,2,1,19,2,0,2,2,1,0,1,0
2,12,2,9,1037,2,3,3,2,0,4,3,39,2,2,1,1,1,0,1,1
0,6,2,3,1374,1,2,1,2,0,2,3,36,0,2,1,1,1,1,1,1
0,12,4,0,1082,1,2,4,2,0,4,1,48,0,2,2,2,1,0,1,0
1,6,2,0,672,1,0,1,1,0,4,3,54,2,2,1,0,1,1,1,1
2,12,0,0,3124,1,1,1,2,0,3,3,49,0,2,2,1,2,0,1,1
1,12,0,3,5801,0,4,2,2,0,4,2,49,2,0,1,2,1,1,1,1
1,48,2,9,3914,0,2,4,0,0,2,3,38,0,2,1,2,1,0,1,0
2,24,2,1,2760,0,4,4,2,0,4,0,36,0,1,1,2,1,1,1,1
1,18,0,4,629,3,4,4,2,0,3,2,32,0,2,2,3,1,1,1,1
0,18,2,5,1217,1,2,4,3,0,3,3,47,2,2,1,1,1,1,1,0
2,24,2,4,3092,2,1,3,3,0,2,1,22,2,0,1,2,1,1,1,0
0,18,2,3,1131,1,0,4,1,0,2,1,33,2,2,1,2,1,0,1,0
1,24,2,4,1533,1,1,4,1,0,3,1,38,1,2,1,2,1,1,1,1
0,24,2,4,1938,1,1,4,0,0,3,2,32,2,2,1,2,1,0,1,0
0,12,0,3,2246,1,4,3,2,0,3,2,60,2,2,2,2,1,0,1,0
1,6,0,0,6761,1,3,1,2,0,3,0,45,2,2,2,3,2,1,1,1
1,24,1,9,2978,0,2,4,2,0,4,3,32,2,2,2,2,2,1,1,1
0,15,2,0,1721,1,1,2,2,0,3,3,36,2,2,1,2,1,0,1,1
2,12,2,4,1534,1,1,1,3,0,1,3,23,2,0,1,2,1,0,1,0
1,48,2,9,3914,0,2,4,0,0,2,3,38,0,2,1,2,1,0,1,0
1,21,4,0,5003,0,2,1,1,0,4,2,29,0,2,2,2,1,1,1,0
0,24,1,4,1659,1,1,4,1,0,2,1,29,2,0,1,1,1,1,1,0
1,18,2,9,1568,2,2,3,1,0,4,2,24,2,0,1,1,1,0,1,1
0,12,2,0,1168,1,2,4,3,0,3,3,27,2,2,1,1,1,0,1,1
0,12,2,4,709,1,4,4,2,0,4,3,57,1,2,1,1,1,0,1,0
3,15,2,4,2327,1,1,2,1,0,3,3,25,2,2,1,1,1,0,1,0
0,24,3,4,1546,1,3,4,2,2,4,1,24,0,0,1,1,1,0,1,0
2,9,2,4,790,3,2,4,1,0,3,3,66,2,2,1,1,1,0,1,1
0,12,2,0,3651,4,2,1,2,0,3,2,31,2,2,1,2,2,0,1,1
1,24,0,0,2022,1,2,4,1,0,4,1,37,2,2,1,2,1,1,1,1
1,12,2,0,1101,1,2,3,3,0,2,3,27,2,2,2,2,1,1,1,1
0,24,2,0,1371,0,2,4,1,0,4,3,25,2,0,1,2,1,0,1,0
1,27,2,0,2570,1,2,3,1,0,3,3,21,2,0,1,2,1,0,1,0
1,30,0,4,5771,1,3,4,1,0,2,1,25,2,2,2,2,1,0,1,1
2,24,2,4,1967,1,4,4,1,0,4,1,20,2,2,1,2,1,1,1,1
2,30,4,9,4280,2,2,4,1,0,4,1,26,2,0,2,1,1,0,1,0
2,60,2,7,6288,1,2,4,2,0,4,0,42,2,1,1,2,1,0,1,0
1,30,1,9,4272,2,2,2,2,0,2,2,26,2,2,2,1,1,0,1,1
0,24,3,3,2483,3,2,4,2,0,4,3,22,1,2,1,2,1,1,1,1
2,60,2,7,6288,1,2,4,2,0,4,0,42,2,1,1,2,1,0,1,0
0,18,2,4,3190,1,2,2,1,0,2,3,24,2,2,1,2,1,0,1,0
2,15,2,0,2631,2,2,2,1,0,4,1,28,2,0,2,2,1,1,1,0
0,36,2,0,1842,1,1,4,1,0,4,1,34,2,2,1,2,1,1,1,0
2,54,4,9,15945,1,1,3,2,0,4,0,58,2,0,1,2,1,1,1,0
0,24,3,3,6872,1,1,2,0,0,1,2,55,0,2,1,2,1,1,1,0
0,18,2,3,1131,1,0,4,1,0,2,1,33,2,2,1,2,1,0,1,0
1,24,2,0,1474,2,1,4,3,0,3,3,33,2,2,1,2,1,1,1,1
2,9,2,4,1670,1,1,4,1,0,2,1,22,2,2,1,2,1,1,1,0
1,30,2,4,2333,3,4,4,2,0,2,1,30,0,2,1,3,1,0,1,1
3,12,3,9,609,1,1,4,1,0,1,3,26,2,2,1,0,1,0,1,0
0,21,0,0,1602,1,4,4,3,0,3,1,30,2,2,2,2,1,1,1,1
1,12,2,4,1493,1,1,4,1,0,3,1,34,2,2,1,2,2,0,1,1
3,18,2,3,2864,1,2,2,2,0,1,3,34,2,2,1,1,2,0,1,0
2,36,2,4,2323,1,3,4,2,0,4,1,24,2,0,1,2,1,0,1,1
2,24,2,3,4057,1,3,3,0,0,3,1,43,2,2,1,2,1,1,1,0
1,27,2,0,2570,1,2,3,1,0,3,3,21,2,0,1,2,1,0,1,0
0,60,2,9,7297,1,4,4,2,1,4,0,36,2,0,1,2,1,0,1,0
0,18,3,3,1553,1,2,4,2,0,3,1,44,0,2,1,2,1,0,1,0
2,24,1,3,2333,0,1,4,2,0,2,2,29,0,2,1,1,1,0,1,1
1,12,2,4,804,1,4,4,2,0,4,1,38,2,2,1,2,1,0,1,1
0,18,2,3,2462,1,2,2,2,0,2,1,22,2,2,1,2,1,0,1,0
0,30,2,6,11998,1,1,1,0,0,1,0,34,2,2,1,1,1,1,1,0
1,15,0,7,1532,2,2,4,1,0,3,1,31,2,2,1,2,1,0,1,1
1,60,2,0,6527,0,2,4,2,0,4,0,34,2,1,1,2,2,1,1,1
0,18,2,3,2462,1,2,2,2,0,2,1,22,2,2,1,2,1,0,1,0
2,12,2,9,841,2,3,2,1,0,4,3,23,2,0,1,1,1,0,1,1
0,30,2,3,6350,0,4,4,2,0,4,2,31,2,2,1,2,1,0,1,0
0,6,0,0,666,4,3,3,1,0,4,3,39,2,2,2,1,1,1,1,1
0,6,0,3,1872,1,0,4,2,0,4,0,36,2,1,3,3,1,1,1,1
0,15,0,3,975,1,2,2,0,0,3,2,25,2,2,2,2,1,0,1,1
1,48,2,9,3914,0,2,4,0,0,2,3,38,0,2,1,2,1,0,1,0
2,12,0,0,1995,2,1,4,2,0,1,1,27,2,2,1,2,1,0,1,1
0,15,2,4,1053,1,1,4,3,0,2,3,27,2,2,1,2,1,0,0,1
1,18,0,0,2775,1,3,2,2,0,2,2,31,0,2,2,2,1,0,1,0
0,48,4,3,7119,1,2,3,2,0,4,0,53,2,1,2,2,2,0,1,0
0,18,2,3,1131,1,0,4,1,0,2,1,33,2,2,1,2,1,0,1,0
1,36,1,9,7980,0,1,4,2,0,4,1,27,2,0,2,2,1,1,1,0
3,6,0,0,1323,2,4,2,0,0,4,1,28,2,2,2,2,2,1,1,1
0,12,2,8,902,1,3,4,3,0,4,2,21,2,0,1,2,1,0,1,0
0,28,2,0,4006,1,2,3,2,0,2,1,45,2,2,1,1,1,0,1,0
0,12,3,4,2149,1,2,4,0,0,1,0,29,2,1,1,2,1,0,1,0
0,24,2,0,1371,0,2,4,1,0,4,3,25,2,0,1,2,1,0,1,0
1,36,2,3,3349,1,2,4,1,0,2,1,28,2,2,1,3,1,1,1,0
0,24,2,0,1207,1,1,4,1,0,4,2,24,2,0,1,2,1,0,1,0
1,36,1,4,4463,1,2,4,2,0,2,1,26,2,2,2,3,1,1,1,0
1,15,2,4,1979,0,4,4,2,0,2,1,35,2,2,1,2,1,0,1,1
2,36,4,9,1953,1,4,4,2,0,4,0,61,2,1,1,3,1,1,1,0
0,24,3,1,3632,1,2,1,1,2,4,1,22,0,0,1,2,1,0,0,1
0,24,1,4,1659,1,1,4,1,0,2,1,29,2,0,1,1,1,1,1,0
2,6,3,7,433,4,1,4,1,0,2,2,24,0,0,1,2,2,0,1,0
0,12,2,3,1282,1,2,2,1,0,4,1,20,2,0,1,2,1,0,1,0
1,24,1,9,3863,1,2,1,2,0,2,0,32,2,1,1,2,1,0,1,1
1,18,2,4,1473,1,1,3,3,0,4,3,39,2,2,1,2,1,1,1,1
2,9,2,4,1670,1,1,4,1,0,2,1,22,2,2,1,2,1,1,1,0
1,9,0,7,1244,0,4,4,1,0,4,2,41,2,0,2,1,1,0,1,1
2,18,2,1,2779,1,2,1,3,0,3,1,21,2,0,1,2,1,1,1,1
2,15,2,6,1308,1,4,4,2,0,4,1,38,2,2,2,1,1,0,1,1
2,12,2,6,639,1,2,4,2,0,2,1,30,2,2,1,2,1,0,1,0
1,36,0,0,7855,1,2,4,1,0,2,3,25,1,2,2,2,1,1,1,0
2,9,2,4,1670,1,1,4,1,0,2,1,22,2,2,1,2,1,1,1,0
2,45,2,4,3031,2,2,4,2,2,4,2,21,2,0,1,2,1,0,1,0
1,27,1,9,5117,1,3,3,2,0,4,1,26,2,2,2,2,1,0,1,1
0,30,4,9,8072,0,1,2,2,0,3,1,25,0,2,3,2,1,0,1,1
3,12,2,4,3399,0,4,2,2,0,3,1,37,2,2,1,3,1,0,1,1
1,12,3,8,3447,3,2,4,1,0,3,3,35,2,2,1,1,2,0,1,1
3,15,0,4,1271,0,2,3,2,0,4,0,39,2,1,2,2,1,1,1,0
2,42,3,1,9283,1,0,1,2,0,2,0,55,0,1,1,3,1,1,1,1
1,36,2,3,3349,1,2,4,1,0,2,1,28,2,2,1,3,1,1,1,0
0,21,3,0,1647,0,2,4,2,0,2,2,40,2,2,2,1,2,0,1,0
0,24,3,3,6872,1,1,2,0,0,1,2,55,0,2,1,2,1,1,1,0
1,33,0,1,7253,1,3,3,2,0,2,1,35,2,2,2,3,1,1,1,1
2,24,4,9,4241,1,2,1,2,0,4,3,36,2,2,3,1,1,1,1,0
1,24,1,0,717,0,4,4,3,0,4,1,54,2,2,2,2,1,1,1,1
0,15,2,0,1403,1,2,2,1,0,4,1,28,2,0,1,2,1,0,1,1
1,12,1,6,1555,4,4,4,2,0,4,0,55,2,1,2,2,2,0,1,0
2,9,2,7,1199,1,3,4,1,0,4,2,67,2,2,2,3,1,1,1,1
1,12,0,4,1240,0,4,4,1,0,2,3,38,2,2,2,2,1,1,1,1
0,24,3,3,6872,1,1,2,0,0,1,2,55,0,2,1,2,1,1,1,0
0,15,4,0,950,1,4,4,2,0,3,1,33,2,0,2,2,2,0,1,0
2,36,1,0,2225,1,4,4,2,0,4,0,57,0,1,2,2,1,1,1,0
0,24,2,0,1381,0,2,4,1,0,2,2,35,2,2,1,2,1,0,1,0
1,36,1,4,4463,1,2,4,2,0,2,1,26,2,2,2,3,1,1,1,0
1,36,2,4,3835,0,4,2,1,0,4,3,45,2,2,1,1,1,1,1,1
2,24,3,7,1837,1,3,4,1,0,4,0,34,0,1,1,1,1,0,1,0
2,45,0,1,4576,2,0,3,2,0,4,1,27,2,2,1,2,1,0,1,1
1,24,1,9,2375,3,2,4,2,0,2,1,44,2,2,2,2,2,1,1,1
1,15,0,4,1459,1,2,4,1,0,2,1,43,2,2,1,1,1,0,1,1
0,24,3,4,1546,1,3,4,2,2,4,1,24,0,0,1,1,1,0,1,0
0,30,2,3,3108,1,1,2,0,0,4,2,31,2,2,1,1,1,0,1,0
0,18,2,4,1882,1,2,4,1,0,4,1,25,0,0,2,2,1,0,1,0
2,36,2,0,14318,1,4,4,2,0,2,0,57,2,1,1,3,1,1,1,0
0,6,0,3,3384,1,2,1,0,0,4,3,44,2,0,1,3,1,1,1,0
1,12,0,0,1495,1,4,4,2,0,1,3,38,2,2,2,1,2,0,1,1
1,48,0,9,7629,0,4,4,0,0,2,1,46,0,2,2,3,2,0,1,1
0,8,0,0,731,1,4,4,2,0,4,3,47,2,2,2,1,1,0,1,1
0,60,1,9,6836,1,4,3,2,0,4,0,63,2,2,2,2,1,1,1,0
1,18,0,7,1864,2,2,4,1,0,2,3,30,2,2,2,2,1,0,1,0
0,18,2,7,750,1,0,4,1,0,1,3,27,2,2,1,0,1,0,1,0
0,24,2,0,1381,0,2,4,1,0,2,2,35,2,2,1,2,1,0,1,0
1,10,2,0,1418,2,2,3,2,0,2,3,35,2,0,1,1,1,0,0,1
0,36,0,3,5371,1,2,3,2,2,2,2,28,2,2,2,2,1,0,1,1
0,30,2,4,2522,1,4,1,2,2,3,2,39,2,2,1,2,2,0,1,1
1,60,2,0,10366,1,4,2,2,0,4,2,42,2,2,1,3,1,1,1,1
1,12,2,3,1736,1,3,3,1,0,4,3,31,2,2,1,1,1,0,1,1
1,48,0,1,11590,2,2,2,1,0,4,1,24,0,0,2,1,1,0,1,0
0,36,0,3,6229,1,1,4,1,1,4,0,23,2,0,2,1,1,1,1,0
2,24,2,3,3069,2,4,4,2,0,4,0,30,2,1,1,2,1,0,1,1
0,48,2,1,10297,1,3,4,2,0,4,0,39,1,1,3,2,2,1,1,0
2,9,2,4,458,1,2,4,2,0,3,3,24,2,2,1,2,1,0,1,1
2,24,1,3,2064,1,0,3,1,0,2,2,34,2,2,1,3,1,1,1,0
0,24,0,9,1382,2,3,4,2,0,1,3,26,2,2,2,2,1,1,1,1
1,24,0,9,4139,2,2,3,2,0,3,2,27,2,2,2,1,1,1,1,1
2,21,1,0,2353,1,2,1,0,0,4,2,47,2,2,2,2,1,0,1,1
0,47,2,0,10722,1,1,1,1,0,1,3,35,2,2,1,1,1,1,1,1
1,10,2,4,1924,1,2,1,2,0,4,2,38,2,2,1,2,1,1,0,1
2,48,1,2,7582,2,0,2,2,0,4,0,31,2,1,1,3,1,1,1,1
2,20,1,1,7057,0,3,3,2,0,4,2,36,0,0,2,3,2,1,1,1
2,18,2,4,3213,3,1,1,3,0,3,3,25,2,0,1,2,1,0,1,1
1,9,0,0,1224,1,2,3,2,0,1,3,30,2,2,2,2,1,0,1,1
0,9,2,0,1422,1,1,3,2,0,2,0,27,2,1,1,3,1,1,1,0
0,24,3,3,3349,3,1,4,2,0,4,0,30,2,1,1,2,2,1,1,0
0,12,2,4,709,1,4,4,2,0,4,3,57,1,2,1,1,1,0,1,0
0,9,2,0,1422,1,1,3,2,0,2,0,27,2,1,1,3,1,1,1,0
2,21,2,9,1188,1,4,2,1,0,4,2,39,2,2,1,2,2,0,1,0
1,18,2,1,3378,0,2,2,2,0,1,2,31,2,2,1,2,1,1,1,1
1,30,3,1,7485,0,0,4,1,0,1,3,53,0,2,1,3,1,1,1,0
3,15,2,9,2687,1,3,2,2,0,4,2,26,2,0,1,2,1,1,1,1
0,18,2,4,2600,1,2,4,2,0,4,0,65,2,1,2,2,1,0,1,0
2,9,3,1,5129,1,4,2,1,0,4,0,74,0,1,1,3,2,1,1,0
3,15,0,4,1271,0,2,3,2,0,4,0,39,2,1,2,2,1,1,1,0
3,18,2,3,2864,1,2,2,2,0,1,3,34,2,2,1,1,2,0,1,0
1,24,2,0,3757,1,4,4,1,1,4,0,62,2,1,1,2,1,1,1,1
0,18,3,3,1553,1,2,4,2,0,3,1,44,0,2,1,2,1,0,1,0
0,12,2,0,1372,1,3,2,0,0,3,1,36,2,2,1,2,1,0,1,0
2,36,2,7,12612,2,2,1,2,0,4,0,47,2,1,1,2,2,1,1,0
0,36,2,3,2712,1,4,2,2,0,2,2,41,0,2,1,2,2,0,1,0
0,18,2,3,4153,1,2,2,2,1,3,1,42,2,2,1,2,1,0,1,0
2,18,0,3,1928,1,1,2,2,0,2,3,31,2,2,2,1,1,0,1,0
0,48,4,1,4605,1,4,3,2,0,4,0,24,2,1,2,2,2,0,1,0
1,18,3,0,6458,1,4,2,2,0,4,0,39,0,2,2,3,2,1,1,0
1,18,2,0,1820,1,2,2,3,0,2,2,30,2,2,1,3,1,1,1,1
0,24,3,3,3349,3,1,4,2,0,4,0,30,2,1,1,2,2,1,1,0
2,30,0,0,4249,1,0,4,3,0,2,1,28,2,2,2,3,1,0,1,0
0,12,2,3,1657,1,2,2,2,0,2,3,27,2,2,1,2,1,0,1,1
1,48,0,1,11590,2,2,2,1,0,4,1,24,0,0,2,1,1,0,1,0
2,30,2,4,1715,0,2,4,1,0,1,1,26,2,2,1,2,1,0,1,1
1,24,0,0,1940,4,4,4,2,0,4,3,60,2,2,1,2,1,1,1,1
1,12,2,4,3059,4,3,2,0,0,4,3,61,2,2,1,1,1,0,1,1
0,36,2,0,9271,1,3,2,2,0,1,1,24,2,2,1,2,1,1,1,0
0,6,0,0,4716,0,1,1,2,0,3,3,44,2,2,2,1,2,0,1,1
0,24,2,4,1938,1,1,4,0,0,3,2,32,2,2,1,2,1,0,1,0
2,72,2,4,5595,2,2,2,3,0,2,1,24,2,2,1,2,1,0,1,0
0,24,2,4,1987,1,2,2,2,0,4,3,21,2,0,1,1,2,0,1,0
2,9,2,9,1391,1,2,2,3,0,1,3,27,0,2,1,2,1,1,1,1
0,30,2,3,6350,0,4,4,2,0,4,2,31,2,2,1,2,1,0,1,0
0,24,2,4,2439,1,1,4,1,0,4,3,35,2,2,1,2,1,1,1,0
2,36,1,0,7432,1,2,2,1,0,2,2,54,2,0,1,2,1,0,1,1
2,12,2,3,2762,0,4,1,1,0,2,2,25,0,2,1,2,1,1,1,0
0,9,2,0,654,1,2,4,2,0,3,1,28,2,2,1,1,1,0,1,0
2,24,0,4,1743,1,4,4,2,0,2,2,48,2,2,2,1,1,0,1,1
3,24,2,0,947,1,3,4,2,0,3,0,38,0,1,1,2,2,0,1,0
0,24,3,3,2828,3,2,4,2,0,4,3,22,1,2,1,2,1,1,1,1
0,36,2,3,2712,1,4,2,2,0,2,2,41,0,2,1,2,2,0,1,0
2,24,2,0,1246,1,1,4,2,0,2,3,23,1,2,1,1,1,0,1,0
1,6,0,4,1740,1,4,2,3,0,2,3,30,2,0,2,2,1,0,1,1
0,6,2,0,1203,2,4,3,2,0,2,2,43,2,2,1,2,1,1,1,1
0,24,2,0,915,0,4,4,1,0,2,1,29,0,2,1,2,1,0,1,0
2,12,2,0,685,1,3,2,3,0,3,1,25,0,2,1,1,1,0,1,0
0,12,2,3,7865,1,4,4,2,0,4,0,53,2,1,1,3,1,1,1,0
3,4,2,0,1494,0,1,1,2,0,2,3,29,2,2,1,1,2,0,0,1
1,12,0,4,1291,1,2,4,1,0,2,2,35,2,2,2,2,1,0,1,1
0,9,2,3,2136,1,2,3,2,0,2,3,25,2,2,1,2,1,0,1,1
2,12,0,1,1804,2,1,3,2,0,4,2,44,2,2,1,2,1,0,1,1
0,18,2,0,976,1,1,1,1,0,2,1,23,2,2,1,1,1,0,1,0
0,24,3,2,1358,0,4,4,2,0,3,1,40,1,2,1,3,1,1,1,0
0,6,0,0,3676,1,2,1,2,0,3,3,37,2,0,3,2,2,0,1,1
1,6,2,4,1595,1,3,3,2,0,2,2,51,2,2,1,2,2,0,1,1
1,24,2,4,5943,0,1,1,1,0,1,1,44,2,2,2,2,1,1,1,0
2,24,2,4,3092,2,1,3,3,0,2,1,22,2,0,1,2,1,1,1,0
2,24,1,3,2064,1,0,3,1,0,2,2,34,2,2,1,3,1,1,1,0
0,36,0,1,9629,1,3,4,2,0,4,1,24,2,2,2,2,1,1,1,0
2,9,0,7,1136,4,4,4,2,0,3,0,32,2,1,2,2,2,0,1,0
1,36,0,3,7127,1,1,2,1,0,4,2,23,2,0,2,2,1,1,1,0
0,18,0,3,2124,1,2,4,1,0,4,3,24,2,0,2,2,1,0,1,0
0,6,2,0,14896,1,4,1,2,0,4,0,68,0,2,1,3,1,1,1,0
2,12,2,3,2762,0,4,1,1,0,2,2,25,0,2,1,2,1,1,1,0
2,15,1,6,1512,4,2,3,3,0,3,2,61,1,2,2,2,1,0,1,0
2,36,1,0,8086,2,4,2,2,0,4,1,42,2,2,4,3,1,1,1,0
2,36,1,0,2225,1,4,4,2,0,4,0,57,0,1,2,2,1,1,1,0
2,36,2,3,9034,2,1,4,2,1,1,0,29,2,0,1,3,1,1,1,0
0,12,2,8,902,1,3,4,3,0,4,2,21,2,0,1,2,1,0,1,0
3,24,2,4,1258,3,2,3,1,0,3,1,57,2,2,1,1,1,0,1,1
1,24,0,3,2028,1,3,2,2,0,2,2,30,2,2,2,1,1,0,1,1
3,21,0,7,2319,1,1,2,0,0,1,1,33,2,0,1,2,1,0,1,0
2,12,2,1,2028,0,2,4,2,0,2,1,30,2,2,1,2,1,0,1,1
0,18,2,5,1217,1,2,4,3,0,3,3,47,2,2,1,1,1,1,1,0
2,60,1,4,9157,0,2,2,2,0,2,0,27,2,1,1,3,1,0,1,1
2,24,2,3,4057,1,3,3,0,0,3,1,43,2,2,1,2,1,1,1,0
2,30,0,0,2181,0,4,4,2,0,4,3,36,2,2,2,2,1,0,1,1
3,18,2,3,2864,1,2,2,2,0,1,3,34,2,2,1,1,2,0,1,0
0,18,2,3,1131,1,0,4,1,0,2,1,33,2,2,1,2,1,0,1,0
0,48,2,1,10297,1,3,4,2,0,4,0,39,1,1,3,2,2,1,1,0
2,36,2,0,14318,1,4,4,2,0,2,0,57,2,1,1,3,1,1,1,0
2,24,2,0,1355,1,1,3,1,0,4,1,25,2,2,1,1,1,1,1,0
2,60,3,2,14782,2,4,3,1,0,4,0,60,0,1,2,3,1,1,1,0
0,18,2,0,4380,2,2,3,2,0,4,1,35,2,2,1,1,2,1,1,1
2,60,2,0,14027,1,3,4,2,0,2,0,27,2,2,1,3,1,1,1,0
0,10,0,0,1038,1,3,4,2,1,3,2,49,2,2,2,2,1,1,1,1
0,18,2,3,2039,1,2,1,1,0,4,3,20,0,0,1,2,1,0,1,0
0,24,2,4,1823,1,0,4,2,0,2,1,30,1,2,1,3,2,0,1,0
3,24,2,0,947,1,3,4,2,0,3,0,38,0,1,1,2,2,0,1,0
0,6,2,3,428,1,4,2,1,0,1,2,49,0,2,1,2,1,1,1,1
0,18,2,4,1882,1,2,4,1,0,4,1,25,0,0,2,2,1,0,1,0
0,12,2,0,900,0,2,4,3,0,2,1,23,2,2,1,2,1,0,1,0
0,21,2,0,3763,0,3,2,2,1,2,3,24,2,2,1,1,1,0,0,1
2,12,4,8,1410,1,2,2,2,0,2,3,31,2,2,1,1,1,1,1,1
2,45,2,4,3031,2,2,4,2,2,4,2,21,2,0,1,2,1,0,1,0
1,12,2,4,2073,2,2,4,1,1,2,3,28,2,2,1,2,1,0,1,1
2,15,2,0,2631,2,2,2,1,0,4,1,28,2,0,2,2,1,1,1,0
1,21,4,0,5003,0,2,1,1,0,4,2,29,0,2,2,2,1,1,1,0
2,6,1,9,1449,2,4,1,0,0,2,1,31,0,2,2,2,2,0,1,1
0,12,2,3,1620,1,2,2,1,1,3,2,30,2,2,1,2,1,0,1,1
0,36,1,7,6887,1,2,4,2,0,3,2,29,1,2,1,2,1,1,1,0
1,12,1,6,1555,4,4,4,2,0,4,0,55,2,1,2,2,2,0,1,0
0,36,1,7,6887,1,2,4,2,0,3,2,29,1,2,1,2,1,1,1,0
0,30,2,3,3108,1,1,2,0,0,4,2,31,2,2,1,1,1,0,1,0
0,24,1,0,1333,1,0,4,2,0,2,3,43,2,1,2,2,2,0,1,0
2,36,4,4,3804,1,2,4,1,0,1,1,42,2,2,1,2,1,1,1,0
2,18,0,4,1245,1,2,4,3,0,2,1,33,2,2,1,2,1,0,1,0
2,12,2,0,888,1,4,4,2,0,4,1,41,0,2,1,1,2,0,1,0
0,48,2,1,4788,1,3,4,2,0,3,2,26,2,2,1,2,2,0,1,1
2,60,3,2,14782,2,4,3,1,0,4,0,60,0,1,2,3,1,1,1,0
2,45,2,4,3031,2,2,4,2,2,4,2,21,2,0,1,2,1,0,1,0
0,36,0,3,6229,1,1,4,1,1,4,0,23,2,0,2,1,1,1,1,0
1,4,0,0,3380,1,3,1,1,0,1,3,37,2,2,1,2,2,0,1,1
2,18,2,1,12976,1,0,3,1,0,4,0,38,2,1,1,3,1,1,1,0
1,12,0,0,1163,3,2,4,2,0,4,3,44,2,2,1,2,1,1,1,1
1,24,0,3,3777,4,2,4,2,0,4,3,50,2,2,1,2,1,1,1,1
0,18,2,3,2462,1,2,2,2,0,2,1,22,2,2,1,2,1,0,1,0
0,48,2,9,4308,1,1,3,1,0,4,2,24,2,0,1,2,1,0,1,0
2,36,0,4,2337,1,4,4,2,0,4,3,36,2,2,1,2,1,0,1,1
2,36,3,5,3990,0,1,3,1,0,2,0,29,0,2,1,0,1,0,1,1
0,8,0,2,1164,1,4,3,2,0,4,0,51,0,1,2,3,2,1,1,1
2,12,2,0,685,1,3,2,3,0,3,1,25,0,2,1,1,1,0,1,0
1,15,2,5,874,0,1,4,1,0,1,3,24,2,2,1,2,1,0,1,1
0,30,4,3,4583,1,2,2,0,2,2,3,32,2,2,2,2,1,0,1,1
2,24,2,0,2718,1,2,3,1,0,4,2,20,2,0,1,1,1,1,1,0
1,27,2,6,5190,0,4,4,2,0,4,2,48,2,2,4,2,2,1,1,1
1,4,0,4,1503,1,3,2,2,0,1,3,42,2,2,2,1,2,0,1,1
1,12,2,4,2141,2,3,3,2,0,1,0,35,2,2,1,2,1,0,1,1
1,12,1,6,1555,4,4,4,2,0,4,0,55,2,1,2,2,2,0,1,0
1,48,0,7,6110,1,2,1,2,0,3,0,31,0,1,1,2,1,1,1,1
0,12,2,3,7865,1,4,4,2,0,4,0,53,2,1,1,3,1,1,1,0
1,48,3,9,3609,1,2,1,1,0,1,3,27,1,2,1,2,1,0,1,1
2,15,0,9,2326,3,2,2,2,0,4,1,27,0,2,1,2,1,0,1,1
2,24,2,4,2896,2,1,2,2,0,1,1,29,2,2,1,2,1,0,1,1
0,24,2,9,6568,1,2,2,3,0,2,1,21,1,2,1,1,1,0,1,1
0,18,3,0,1442,1,3,4,2,0,4,0,32,2,1,2,1,2,0,1,0
1,15,2,4,1386,0,2,4,3,0,2,3,40,2,0,1,2,1,1,1,1
0,18,2,4,3190,1,2,2,1,0,2,3,24,2,2,1,2,1,0,1,0
0,12,4,0,1082,1,2,4,2,0,4,1,48,0,2,2,2,1,0,1,0
2,12,2,0,1223,1,4,1,0,0,1,3,46,2,0,2,2,1,0,1,0
0,12,2,3,7865,1,4,4,2,0,4,0,53,2,1,1,3,1,1,1,0
0,24,0,4,1231,4,4,4,1,0,4,2,57,2,0,2,3,1,1,1,1
2,36,1,0,2225,1,4,4,2,0,4,0,57,0,1,2,2,1,1,1,0
1,9,2,0,3577,2,2,1,2,2,2,3,26,2,0,1,2,2,0,0,1
1,24,0,6,5507,1,4,3,2,0,4,0,44,2,1,2,2,1,0,1,1
1,24,2,9,1258,1,3,4,2,0,1,3,25,2,2,1,2,1,1,1,1
0,12,0,4,385,1,3,4,1,0,3,3,58,2,2,4,1,1,1,1,1
1,42,2,4,7166,0,3,2,3,0,4,2,29,2,0,1,2,1,1,1,1
3,10,0,0,781,1,4,4,2,0,4,0,63,2,1,2,2,1,1,1,1
1,24,2,4,3621,2,4,2,2,0,4,1,31,2,2,2,2,1,0,1,0
1,24,2,4,1376,3,3,4,1,0,1,1,28,2,2,1,2,1,0,1,1
1,36,2,7,1819,1,2,4,2,0,4,0,37,1,1,1,2,1,1,1,0
1,24,0,4,2223,2,4,4,2,0,4,2,52,0,2,2,2,1,0,1,1
0,12,3,4,626,1,2,4,1,0,4,3,24,0,2,1,1,1,0,1,0
1,24,2,4,3235,3,4,3,0,0,2,1,26,2,2,1,3,1,1,1,1
1,15,2,7,4623,2,2,3,2,0,2,2,40,2,2,1,3,1,1,1,0
2,18,0,3,1928,1,1,2,2,0,2,3,31,2,2,2,1,1,0,1,0
1,12,2,3,1123,3,2,4,1,0,4,1,29,2,0,1,1,1,0,1,0
3,12,1,0,2247,1,2,2,1,0,2,1,36,1,2,2,2,1,1,1,1
3,21,0,7,2319,1,1,2,0,0,1,1,33,2,0,1,2,1,0,1,0
2,6,2,4,753,1,2,2,1,2,3,3,64,2,2,1,2,1,0,1,1
3,18,2,3,2864,1,2,2,2,0,1,3,34,2,2,1,1,2,0,1,0
1,39,2,1,8588,2,4,4,2,0,2,1,45,2,2,1,3,1,1,1,1
1,24,0,1,2346,1,3,4,2,0,3,1,35,2,2,2,2,1,1,1,1
0,36,2,4,2302,1,2,4,0,0,4,1,31,2,0,1,2,1,0,1,0
0,42,2,4,3965,1,1,4,2,0,3,1,34,2,2,1,2,1,0,1,0
2,48,2,4,5951,1,2,2,1,0,2,3,22,2,2,1,2,1,0,1,0
0,10,0,3,2132,0,1,2,1,1,3,3,27,2,0,2,2,1,0,0,1
1,9,2,0,2507,3,4,2,2,0,4,0,51,2,1,1,1,1,0,1,1
1,24,2,1,2670,1,4,4,2,0,4,1,35,2,2,1,3,1,1,1,1
2,36,2,0,12389,0,2,1,2,0,4,0,37,2,1,1,2,1,1,1,0
0,24,3,4,1546,1,3,4,2,2,4,1,24,0,0,1,1,1,0,1,0
0,6,0,0,1361,1,1,2,2,0,4,3,40,2,2,1,1,2,0,0,1
0,12,2,7,684,1,2,4,2,0,4,1,40,2,0,1,1,2,0,1,0
2,18,2,3,3001,1,3,2,1,0,4,3,40,2,0,1,2,1,0,1,1
2,6,3,7,433,4,1,4,1,0,2,2,24,0,0,1,2,2,0,1,0
2,48,4,9,14421,1,2,2,2,0,2,1,25,2,2,1,2,1,1,1,0
2,9,2,4,1082,1,4,4,2,0,4,1,27,2,2,2,1,1,0,1,1
0,40,0,7,5998,1,2,4,2,0,3,0,27,0,2,1,2,1,1,1,0
2,15,2,6,1514,2,2,4,2,2,2,3,22,2,2,1,2,1,0,1,1
1,21,2,1,2476,0,4,4,2,0,4,3,46,2,2,1,3,1,1,1,1
1,36,1,9,7980,0,1,4,2,0,4,1,27,2,0,2,2,1,1,1,0
0,18,2,4,3190,1,2,2,1,0,2,3,24,2,2,1,2,1,0,1,0
0,18,3,3,1553,1,2,4,2,0,3,1,44,0,2,1,2,1,0,1,0
1,12,2,3,1574,1,2,4,2,0,2,3,50,2,2,1,2,1,0,1,1
1,24,2,4,3430,3,4,3,2,0,2,1,31,2,2,1,2,2,1,1,1
3,12,2,3,2251,1,2,1,1,0,2,1,46,2,2,1,1,1,0,1,1
2,36,1,9,4455,1,2,2,0,0,2,3,30,1,2,2,3,1,1,1,0
2,6,3,7,433,4,1,4,1,0,2,2,24,0,0,1,2,2,0,1,0
2,9,2,4,1206,1,4,4,1,0,4,3,25,2,2,1,2,1,0,1,1
1,11,0,0,7228,1,2,1,2,0,4,2,39,2,2,2,1,1,0,1,1
2,30,2,4,2991,0,4,2,1,0,4,1,25,2,2,1,2,1,0,1,1
3,18,2,3,3049,1,1,1,1,0,1,2,45,1,2,1,1,1,0,1,1
1,7,1,4,846,0,4,3,2,0,4,0,36,2,1,1,2,1,0,1,1
2,45,0,4,4746,1,1,4,2,0,2,2,25,2,2,2,1,1,0,1,0
1,12,2,3,1123,3,2,4,1,0,4,1,29,2,0,1,1,1,0,1,0
1,6,2,4,1346,2,4,2,2,0,4,0,42,0,1,1,2,2,1,1,1
0,24,0,0,1199,1,4,4,2,0,4,1,60,2,2,2,1,1,0,1,0
1,24,0,4,2578,4,4,2,2,0,2,1,34,2,2,1,2,1,0,1,1
2,9,0,3,1919,1,3,4,2,0,3,1,35,2,0,1,2,1,1,1,1
1,15,2,1,1300,0,4,4,2,0,4,0,45,0,1,1,2,2,0,1,1
0,30,2,3,2406,1,3,4,1,0,4,3,23,2,0,1,2,1,0,1,0
1,30,0,4,3077,0,4,3,2,0,2,1,40,2,2,2,2,2,1,1,1
1,6,2,5,1338,3,2,1,0,0,4,3,62,2,2,1,2,1,0,1,1
0,12,2,3,1858,1,1,4,1,0,1,1,22,2,0,1,2,1,0,1,1
0,36,2,3,3446,1,4,4,2,0,2,1,42,2,2,1,2,2,0,1,0
0,12,2,0,1372,1,3,2,0,0,3,1,36,2,2,1,2,1,0,1,0
0,24,2,0,1371,0,2,4,1,0,4,3,25,2,0,1,2,1,0,1,0
1,36,0,3,7127,1,1,2,1,0,4,2,23,2,0,2,2,1,1,1,0
2,12,0,0,958,1,3,2,2,0,3,3,47,2,2,2,1,2,0,1,1
2,27,2,9,3915,1,2,4,2,0,2,1,36,2,2,1,2,2,1,1,0
2,9,3,0,1437,2,3,2,2,0,3,0,29,2,2,1,2,1,0,1,0
0,18,2,5,1217,1,2,4,3,0,3,3,47,2,2,1,1,1,1,1,0
0,36,2,3,3620,1,2,1,2,2,2,2,37,2,2,1,2,2,0,1,1
2,27,2,9,3915,1,2,4,2,0,2,1,36,2,2,1,2,2,1,1,0
0,12,3,0,697,1,1,4,2,0,2,1,46,0,2,2,2,1,1,1,0
2,15,3,0,1264,2,2,2,3,0,2,2,25,2,0,1,2,1,0,1,0
1,18,2,6,1943,1,1,4,1,0,4,3,23,2,2,1,2,1,0,1,0
2,12,0,0,2366,3,3,3,0,0,3,1,36,2,2,1,3,1,1,1,1
0,15,2,5,1275,0,2,4,1,0,2,1,24,2,0,1,2,1,0,1,0
3,15,2,4,2327,1,1,2,1,0,3,3,25,2,2,1,1,1,0,1,0
0,12,2,0,1893,1,2,4,1,2,4,2,29,2,2,1,2,1,1,1,1
3,24,2,0,947,1,3,4,2,0,3,0,38,0,1,1,2,2,0,1,0
1,36,1,4,4463,1,2,4,2,0,2,1,26,2,2,2,3,1,1,1,0
1,10,2,7,727,3,4,4,2,0,4,0,46,2,1,1,2,1,1,1,1
1,9,2,7,3832,0,4,1,2,0,4,3,64,2,2,1,1,1,0,1,1
3,15,2,4,2327,1,1,2,1,0,3,3,25,2,2,1,1,1,0,1,0
0,18,0,6,1190,1,0,2,1,0,4,0,55,2,1,3,0,2,0,1,0
0,24,2,3,2996,0,2,2,3,0,4,1,20,2,2,1,2,1,0,1,0
1,6,2,4,518,1,2,3,1,0,1,3,29,2,2,1,2,1,0,1,1
1,18,2,9,1950,1,3,4,2,0,1,1,34,1,2,2,2,1,1,1,1
0,12,2,3,652,1,4,4,1,0,4,2,24,2,0,1,2,1,0,1,1
1,36,0,1,10477,0,4,2,2,0,4,0,42,2,1,2,2,1,0,1,1
0,6,2,0,1374,0,0,4,1,0,3,2,75,2,2,1,3,1,1,1,1
1,15,3,4,1569,2,4,4,2,0,4,1,34,0,2,1,1,2,0,1,1
0,18,2,3,4153,1,2,2,2,1,3,1,42,2,2,1,2,1,0,1,0
2,26,2,1,7966,1,1,2,2,0,3,1,30,2,2,2,2,1,0,1,1
1,10,2,1,2848,2,2,1,2,1,2,3,32,2,2,1,2,2,0,1,1
0,36,2,1,8229,1,2,2,2,0,2,2,26,2,2,1,2,2,0,1,0
1,15,2,4,3568,1,4,4,1,0,2,1,54,0,0,1,3,1,1,1,1
0,13,0,9,1797,1,1,3,2,0,1,2,28,0,2,2,1,1,0,1,1
1,33,1,9,2764,1,2,2,1,0,2,1,26,2,2,2,2,1,1,1,1
2,24,2,0,1355,1,1,3,1,0,4,1,25,2,2,1,1,1,1,1,0
1,21,2,0,2782,3,3,1,1,0,2,1,31,0,2,1,3,1,0,1,1
0,18,2,3,4153,1,2,2,2,1,3,1,42,2,2,1,2,1,0,1,0
2,48,3,9,3566,2,3,4,2,0,2,1,30,2,2,1,2,1,0,1,1
0,24,2,0,1381,0,2,4,1,0,2,2,35,2,2,1,2,1,0,1,0
2,48,4,2,18424,1,2,1,1,0,2,2,32,0,2,1,3,1,1,0,0
1,36,4,6,2613,1,2,4,2,0,2,1,27,2,2,2,2,1,0,1,1
0,15,0,3,1433,1,2,4,1,0,3,2,25,2,0,2,2,1,0,1,1
1,28,0,4,2743,1,4,4,2,0,2,1,29,2,2,2,2,1,0,1,1
0,18,1,7,8471,0,2,1,1,0,2,1,23,2,0,2,2,1,1,1,1
1,15,2,0,3186,4,3,2,1,0,3,1,20,2,0,1,2,1,0,1,1
1,12,0,4,717,1,4,4,2,0,4,3,52,2,2,3,2,1,0,1,1
2,30,1,9,2503,2,4,4,2,0,2,2,41,1,2,2,2,1,0,1,1
1,12,2,4,3077,1,2,2,2,0,4,1,52,2,2,1,2,1,1,1,1
2,48,4,9,3844,2,3,4,2,0,4,0,34,2,1,1,1,2,0,1,0
0,12,0,0,2122,1,2,3,2,0,2,3,39,2,0,2,1,2,0,0,1
2,15,2,0,2631,2,2,2,1,0,4,1,28,2,0,2,2,1,1,1,0
0,42,2,3,7882,1,3,2,2,2,4,2,45,2,1,1,2,2,0,1,1
1,12,2,4,2171,1,1,2,1,0,2,1,29,0,2,1,2,1,0,1,1
1,24,2,0,1249,1,1,4,3,0,2,3,28,2,2,1,2,1,0,1,1
0,12,2,8,902,1,3,4,3,0,4,2,21,2,0,1,2,1,0,1,0
1,21,2,9,1572,4,4,4,1,0,4,3,36,0,2,1,1,1,0,1,1
1,36,1,4,4454,1,2,4,1,0,4,3,34,2,2,2,2,1,0,1,1
